BCR_highlight_aa_all	nbCell_byClono_Clust0	nbCell_byClono_Clust1	nbCell_byClono_Clust2	nbCell_byClono_Clust3	nbCell_byClono_Clust4	nbCell_byClono_Clust5	nbCell_byClono_Clust6	nbCell_byClono_Clust7	nbCell_byClono_Clust8	nbCell_byClono_Clust9	nbCell_byClono_Clust10	nbCell_byClono_Clust11	nbCell_byClono_Clust12	nbCell_byClono_Clust13	nbCell_byClono_Clust14	nbCell_byClono_Clust15	nbCell_byClono_Clust16	nbCell_byClono_Clust17	nbCell_byClono_Clust18	nbCell_byClono_Clust19	nbCell_byClono_Clust20	nbCell_byClono_Clust21	nbCell_byClono_Clust22	nbCell_byClono_Clust23	nbCell_byClono_Clust24
CAADRIRGSSANYDYGMDVW_CQQYYSLRTF	0	0	0	0	0	0	0	0	0	0	0	0	0	0	0	0	0	1	0	0	0	0	0	0	0
CAAGFGLSGSYIHYYYYGMDVW_CQQYGSSPPLTF	0	0	0	0	1	0	0	0	0	0	0	0	0	0	0	0	0	0	0	0	0	0	0	0	0
CAAGVMTARYDYW_CQQSYSTPLTF	0	0	0	0	1	0	0	0	0	0	0	0	0	0	0	0	0	0	0	0	0	0	0	0	0
CAAIAVYVYW_CQQYNSYPLTF	0	0	0	0	1	0	0	0	0	0	0	0	0	0	0	0	0	0	0	0	0	0	0	0	0
CAAPSPRFTSSTGGGMELPLHVW_CCSYARGSSLVF	0	0	0	0	1	0	0	0	0	0	0	0	0	0	0	0	0	0	0	0	0	0	0	0	0
CAEGYQLPGLYYW_CNSRDSSGNHLF	0	0	0	0	1	0	0	0	0	0	0	0	0	0	0	0	0	0	0	0	0	0	0	0	0
CAETSYCSGGSCPMSEYGPVFDPW_CSSYTSSSTPWVF	0	0	0	0	0	0	0	0	0	0	0	0	0	0	0	0	0	0	0	0	1	0	0	0	0
CAGGSGSYYHLDPW_CQQANSFPYTF	0	0	0	0	1	0	0	0	0	0	0	0	0	0	0	0	0	0	0	0	0	0	0	0	0
CAGGSGYCTNGVCYPRGFDYYYGMDVW_CAAWDDSPPWVF	0	0	0	0	1	0	0	0	0	0	0	0	0	0	0	0	0	0	0	0	0	0	0	0	0
CAGYYYDSSGYLSSFDIW_CQSYDSSLSVVF	0	0	0	0	1	0	0	0	0	0	0	0	0	0	0	0	0	0	0	0	0	0	0	0	0
CAHFMTTVTTGYFDPW_CIQVRQTPFTF	0	0	0	0	1	0	0	0	0	0	0	0	0	0	0	0	0	0	0	0	0	0	0	0	0
CAHFTKRPTDAFDIW_CNSRDSSGNHRVF	0	0	0	0	1	0	0	0	0	0	0	0	0	0	0	0	0	0	0	0	0	0	0	0	0
CAHGLTGYYTYYFDYW_CQQYYSFPPTF	0	0	0	0	1	0	0	0	0	0	0	0	0	0	0	0	0	0	0	0	0	0	0	0	0
CAHGRDYDSSSLPFDYW_CQQYNSYPYTF	0	0	0	0	1	0	0	0	0	0	0	0	0	0	0	0	0	0	0	0	0	0	0	0	0
CAHHASFGGNWAFAHW_CAAWDDSLNGSYVF	0	0	0	0	0	0	0	0	0	0	0	0	0	0	0	0	0	0	1	0	0	0	0	0	0
CAHHGSARYSSSWHAAPGPYYFDYW_CQVWDSRAYVF	0	0	0	0	1	0	0	0	0	0	0	0	0	0	0	0	0	0	0	0	0	0	0	0	0
CAHHLSFGGNWAFAHW_CAAWDDSLNGSYVF	0	0	0	0	0	0	0	0	0	0	0	0	0	0	0	0	0	0	1	0	0	0	0	0	0
CAHKMGRGGGVDYW_CQQLSTDPITF	0	0	0	0	1	0	0	0	0	0	0	0	0	0	0	0	0	0	0	0	0	0	0	0	0
CAHRGYSYGPLFDYW_CLLYYGGAQLVF	0	0	0	0	1	0	0	0	0	0	0	0	0	0	0	0	0	0	0	0	0	0	0	0	0
CAHRHHCSSTSCSPWDDWFDPW_CAAWDDSLNGPVF	0	0	0	0	0	0	0	0	0	0	0	0	0	0	0	0	0	0	1	0	0	0	0	0	0
CAHRPLDILTGYRVDYFDYW_CQQSYSTLGTF	0	0	0	0	0	0	0	0	0	0	0	0	0	0	0	0	1	0	0	0	0	0	0	0	0
CAHRPPYYDSSGYLSW_CQQYGSSLWTF	0	0	0	0	1	0	0	0	0	0	0	0	0	0	0	0	0	0	0	0	0	0	0	0	0
CAHRPVSDDILTGYRYNWFDPW_CQSYDSSLSGSVVF	0	0	0	0	1	0	0	0	0	0	0	0	0	0	0	0	0	0	0	0	0	0	0	0	0
CAHRRYYYVAFDYW_CQQYYSTPLTF	0	0	0	0	1	0	0	0	0	0	0	0	0	0	0	0	0	0	0	0	0	0	0	0	0
CAHRTTTYYFDYW_CQQYNSYPYTF	0	0	0	0	1	0	0	0	0	0	0	0	0	0	0	0	0	0	0	0	0	0	0	0	0
CAHRYCSSTSCYGLGDWFDPW_CQSADSSGTYLVF	0	0	0	0	1	0	0	0	0	0	0	0	0	0	0	0	0	0	0	0	0	0	0	0	0
CAHRYYSNIDYW_CMQGTHWPWTF	0	0	0	0	1	0	0	0	0	0	0	0	0	0	0	0	0	0	0	0	0	0	0	0	0
CAHSAQYYDILTGYYKAPWGGAFDIW_CQQYNSYSWTF	0	0	0	0	1	0	0	0	0	0	0	0	0	0	0	0	0	0	0	0	0	0	0	0	0
CAHSDYYEGRGMDVW_CQQYYSTPYTF	0	0	0	0	1	0	0	0	0	0	0	0	0	0	0	0	0	0	0	0	0	0	0	0	0
CAHSLPSDIDYYYDSSGYSPSPPLFDYW_CQQYNNWPLTF	0	0	0	0	1	0	0	0	0	0	0	0	0	0	0	0	0	0	0	0	0	0	0	0	0
CAHSPYDYVWGSYRQSWFDPW_CQAWDSSTVF	0	0	0	0	1	0	0	0	0	0	0	0	0	0	0	0	0	0	0	0	0	0	0	0	0
CAHSYYYGSGRGGWFDPW_CQSADSSGTYVF	0	0	0	0	1	0	0	0	0	0	0	0	0	0	0	0	0	0	0	0	0	0	0	0	0
CAHTGFESLDYW_CQSYDNSLNGLGVF	0	0	0	0	1	0	0	0	0	0	0	0	0	0	0	0	0	0	0	0	0	0	0	0	0
CAHTPGSGQKGSIYW_CQQYYSTPWTF	0	0	0	0	0	0	0	0	0	0	0	0	0	0	0	0	0	1	0	0	0	0	0	0	0
CAHTSAYYDSSGYYPPFDYW_CQQSYSTPLTF	0	0	0	0	1	0	0	0	0	0	0	0	0	0	0	0	0	0	0	0	0	0	0	0	0
CAHYQGIAVTGTWFDPW_CQSYDSSNVVF	0	0	0	0	1	0	0	0	0	0	0	0	0	0	0	0	0	0	0	0	0	0	0	0	0
CAIGTGIVGTTFPREYW_CMQALQTSWTF	0	0	0	0	1	0	0	0	0	0	0	0	0	0	0	0	0	0	0	0	0	0	0	0	0
CAIIPLATPVTIIMDYW_CMQSIQLPPQPTF	0	0	0	0	0	0	0	0	0	0	0	0	0	0	0	0	0	0	1	0	0	0	0	0	0
CAIMVRGVIGSYYYYGMDVW_CQQSYSTTWTF	0	0	0	0	1	0	0	0	0	0	0	0	0	0	0	0	0	0	0	0	0	0	0	0	0
CAKAAMVRGVIDWYFDLW_CQQYYSYPPFTF	0	0	0	0	0	0	0	0	0	0	0	0	0	0	0	0	0	0	0	1	0	0	0	0	0
CAKADLLYSGSYGAW_CQQSYSTPYTF	0	0	0	0	0	0	0	0	0	0	0	0	0	0	0	0	0	0	0	1	0	0	0	0	0
CAKADVRSNWNDMHFDYW_CQAWDSSTVVF	0	0	0	0	1	0	0	0	0	0	0	0	0	0	0	0	0	0	0	0	0	0	0	0	0
CAKAEGVKYNWNYGDYW_CQQSGSSPPTF	0	0	0	0	0	0	0	0	0	0	0	0	0	0	0	0	0	0	0	1	0	0	0	0	0
CAKAEWGGTENYIPYYFDFW_CQSYDNNNLIF	0	0	0	0	1	0	0	0	0	0	0	0	0	0	0	0	0	0	0	0	0	0	0	0	0
CAKAGDSSGYQKTYYFDYW_CQSADSSGTYGVF	0	0	0	0	1	0	0	0	0	0	0	0	0	0	0	0	0	0	0	0	0	0	0	0	0
CAKALHAAVVGPAAIPFDYW_CSSYVGSNNYVF	0	0	0	0	0	0	0	0	0	0	0	0	0	0	0	0	0	0	0	1	0	0	0	0	0
CAKANLAGVVAAIGIDYW_CAAWDDSLSGVVF	0	0	0	0	1	0	0	0	0	0	0	0	0	0	0	0	0	0	0	0	0	0	0	0	0
CAKAPESSAYYGPDYW_CAAWDDSLSGHWVF	0	0	0	0	0	0	0	0	0	0	0	0	0	0	0	0	0	0	0	1	0	0	0	0	0
CAKAPGGYNWDNYHYYYFAMDVW_CSSYTSSSTLYVF	0	0	0	0	0	0	0	0	0	0	0	0	0	0	0	0	0	0	0	0	1	0	0	0	0
CAKAQNYYDSSGYYPFDYW_CQVWDSSSDHSVVF	0	0	0	0	0	0	0	0	0	0	0	0	0	0	0	0	0	0	0	1	0	0	0	0	0
CAKASARYCSGGSCYGTAFDIW_CQQSYSTPVF	0	0	0	0	0	0	0	0	0	0	0	0	0	0	0	0	0	0	0	1	0	0	0	0	0
CAKASLYGSGSYPPKYW_CSSYTSSSTYVF	0	0	0	0	0	0	0	0	0	0	0	0	0	0	0	0	0	0	0	0	1	0	0	0	0
CAKASVAVAGTGGMDVW_CQVWDSSSDHVVF	0	0	0	0	0	0	0	0	0	0	0	0	0	0	0	0	0	0	0	1	0	0	0	0	0
CAKCFYYDSSGYYYYYYGMDVW_CCSYAGSSTLVF	0	0	0	0	1	0	0	0	0	0	0	0	0	0	0	0	0	0	0	0	0	0	0	0	0
CAKDAEGQGPVLLWLGGMDVW_CQQYNSYSYTF	0	0	0	0	0	0	0	0	0	0	0	0	0	0	0	0	0	0	0	1	0	0	0	0	0
CAKDARWRPRVASIDALDIW_CQQYNNWPRTF	0	0	0	0	1	0	0	0	0	0	0	0	0	0	0	0	0	0	0	0	0	0	0	0	0
CAKDASYGYLFEYWYFDLW_CQQYNNWPPWTF	0	0	0	0	1	0	0	0	0	0	0	0	0	0	0	0	0	0	0	0	0	0	0	0	0
CAKDATGYFDWLPYYYYYYGMDVW_CLLYYGGAQLWVF	0	0	0	0	1	0	0	0	0	0	0	0	0	0	0	0	0	0	0	0	0	0	0	0	0
CAKDCGEPWYNWNDGIGYW_CSSYTSSSTWVF	0	0	0	0	0	0	0	0	0	0	0	0	0	0	0	0	0	0	0	0	1	0	0	0	0
CAKDDDRGYGWFGELLGRYGMDVW_CQQRSNWLLTF	0	0	0	0	0	0	0	0	0	0	0	0	0	0	0	0	1	0	0	0	0	0	0	0	0
CAKDDGDAAAGLIYW_CAAWDDSLSGVVF	0	0	0	0	1	0	0	0	0	0	0	0	0	0	0	0	0	0	0	0	0	0	0	0	0
CAKDDTAMVTADFFDYW_CQTWGTGIWVF	0	0	0	0	1	0	0	0	0	0	0	0	0	0	0	0	0	0	0	0	0	0	0	0	0
CAKDEGRVVAVAGTGEHAFDIW_CQQYNSYSPTWTF	0	0	0	0	1	0	0	0	0	0	0	0	0	0	0	0	0	0	0	0	0	0	0	0	0
CAKDELASYGGVGYYW_CQSADSSGTYFWVF	0	0	0	0	1	0	0	0	0	0	0	0	0	0	0	0	0	0	0	0	0	0	0	0	0
CAKDEWERGAFDIW_CQQYNSYSPWTF	0	0	0	0	0	0	0	0	0	0	0	0	0	0	0	0	0	0	0	1	0	0	0	0	0
CAKDFGGPLQFDYW_CQQYGSSPRTF	0	0	0	0	1	0	0	0	0	0	0	0	0	0	0	0	0	0	0	0	0	0	0	0	0
CAKDFGRGSYHRAEYFQHW_CQQYNNWPPWTF	0	0	0	0	1	0	0	0	0	0	0	0	0	0	0	0	0	0	0	0	0	0	0	0	0
CAKDFHRLTLLRYCSGGSCYSAFDIW_CCSYAGSSTYVF	0	0	0	0	0	0	0	0	0	0	0	0	0	0	0	0	0	0	0	1	0	0	0	0	0
CAKDFMEYYYYGMDVW_CSAWDSSLSAVVF	0	0	0	0	1	0	0	0	0	0	0	0	0	0	0	0	0	0	0	0	0	0	0	0	0
CAKDFRGWFDPW_CATWDDSLNGWVF	0	0	0	0	0	0	0	0	0	0	0	0	0	0	0	0	0	0	1	0	0	0	0	0	0
CAKDFSGGEVVVVAATDYW_CQQYYSYPRTF	0	0	0	0	1	0	0	0	0	0	0	0	0	0	0	0	0	0	0	0	0	0	0	0	0
CAKDGFGGASDHW_CQHYDRSPWTF	0	0	0	0	1	0	0	0	0	0	0	0	0	0	0	0	0	0	0	0	0	0	0	0	0
CAKDGGEHRGNDYW_CQVWDSSSDHYVF	0	0	0	0	1	0	0	0	0	0	0	0	0	0	0	0	0	0	0	0	0	0	0	0	0
CAKDGGGEEALELPDYW_CGTWDSSLSAVVF	0	0	0	0	1	0	0	0	0	0	0	0	0	0	0	0	0	0	0	0	0	0	0	0	0
CAKDGGLDYALYWYFDLW_CQQYNSLYTF	0	0	0	0	1	0	0	0	0	0	0	0	0	0	0	0	0	0	0	0	0	0	0	0	0
CAKDGGRGVVIIFYFDYW_CQQYGSSPITF	0	0	0	0	1	0	0	0	0	0	0	0	0	0	0	0	0	0	0	0	0	0	0	0	0
CAKDGIVFYGSGSYNDYW_CQQYYETPTF	0	0	0	0	0	0	0	0	0	0	0	0	0	0	0	0	0	1	0	0	0	0	0	0	0
CAKDGIVVVTAIKFGHGMDVW_CQQANSFPYTF	0	0	0	0	0	0	0	0	0	0	0	0	0	0	0	0	0	0	0	1	0	0	0	0	0
CAKDGREAAAGTDYYYGMDVW_CQAWDSSTVVF	0	0	0	0	1	0	0	0	0	0	0	0	0	0	0	0	0	0	0	0	0	0	0	0	0
CAKDGRWELGTFDIW_CQQYDNLPQF	0	0	0	0	0	0	0	0	0	0	0	0	0	0	0	0	0	0	0	1	0	0	0	0	0
CAKDGSYYDSSGYSDYW_CQQYNNWPPWTF	0	0	0	0	1	0	0	0	0	0	0	0	0	0	0	0	0	0	0	0	0	0	0	0	0
CAKDHDEGATTYFDYW_CQAWDSSTVVF	0	0	0	0	0	0	0	0	0	0	0	0	0	0	0	0	0	0	0	1	0	0	0	0	0
CAKDHGYDFWSGYSDAFDIW_CQQSYSTPLYTF	0	0	0	0	1	0	0	0	0	0	0	0	0	0	0	0	0	0	0	0	0	0	0	0	0
CAKDHLMITFGGVGQGVPWFDPW_CQKYNSAPRTF	0	0	0	0	0	0	0	0	0	0	0	0	0	0	0	0	0	0	0	1	0	0	0	0	0
CAKDHPTNWFDPW_CQQYYSYPRTF	0	0	0	0	0	0	0	0	0	0	0	0	0	0	0	0	0	0	0	1	0	0	0	0	0
CAKDHWEYYWYFDLW_CSSYTSSSTLVF	0	0	0	0	0	0	0	0	0	0	0	0	0	0	0	0	0	0	0	0	1	0	0	0	0
CAKDHYYDSSGYYSGLGYW_CQSADSSGTYRVVF	0	0	0	0	1	0	0	0	0	0	0	0	0	0	0	0	0	0	0	0	0	0	0	0	0
CAKDIEGGSGYYLTPGGFQHW_CCSYAGSSTFVVF	0	0	0	0	1	0	0	0	0	0	0	0	0	0	0	0	0	0	0	0	0	0	0	0	0
CAKDIGDGSGSNSQKRDYYYGMDVW_CQQSYSTPRTF	0	0	0	0	1	0	0	0	0	0	0	0	0	0	0	0	0	0	0	0	0	0	0	0	0
CAKDIGPTNCSSTSCHAYYYYGMDVW_CQQYNSYSTF	0	0	0	0	1	0	0	0	0	0	0	0	0	0	0	0	0	0	0	0	0	0	0	0	0
CAKDILGGGYFDYW_CQTWGTGMGVF	0	0	0	0	1	0	0	0	0	0	0	0	0	0	0	0	0	0	0	0	0	0	0	0	0
CAKDIREGWSSGYYPVLDYW_CQVWDSSVVF	0	0	0	0	1	0	0	0	0	0	0	0	0	0	0	0	0	0	0	0	0	0	0	0	0
CAKDIRGNSWYGDSEGIW_CMQGTHWPYTF	0	0	0	0	0	0	0	0	0	0	0	0	0	0	0	0	0	0	0	1	0	0	0	0	0
CAKDIRGRMATIMSW_CSSYTSSSTLVVF	0	0	0	0	0	0	0	0	0	0	0	0	0	0	0	0	0	0	0	0	1	0	0	0	0
CAKDITIFGVVISHLDYW_CLQDYNYPLTF	0	0	0	0	1	0	0	0	0	0	0	0	0	0	0	0	0	0	0	0	0	0	0	0	0
CAKDIVSYSNYVLSNW_CSSYTSSSTQHVVF	0	0	0	0	0	0	0	0	0	0	0	0	0	0	0	0	0	0	0	0	1	0	0	0	0
CAKDIVVVPAAPITLYYYYGMDVW_CMQALQTSFTF	0	0	0	0	1	0	0	0	0	0	0	0	0	0	0	0	0	0	0	0	0	0	0	0	0
CAKDKASSWQDRYYYYGMDVW_CVLYMGSGIRVF	0	0	0	0	0	0	0	0	0	0	0	0	0	0	0	0	0	0	0	1	0	0	0	0	0
CAKDKGPDYYYGMDVW_CSSYTSSSTLYVF	0	0	0	0	0	0	0	0	0	0	0	0	0	0	0	0	0	0	0	0	1	0	0	0	0
CAKDKSYSVEYW_CMLFMGSGIWVF	0	0	0	0	1	0	0	0	0	0	0	0	0	0	0	0	0	0	0	0	0	0	0	0	0
CAKDLGELTDYW_CSSYTSSSTLVVVF	0	0	0	0	1	0	0	0	0	0	0	0	0	0	0	0	0	0	0	0	0	0	0	0	0
CAKDLIDTMIVVVITPPFDYW_CAAWDDSLNWVF	0	0	0	0	0	0	0	0	0	0	0	0	0	0	0	0	0	0	1	0	0	0	0	0	0
CAKDLLSIYGSPSDYW_CQPYYGAPPYTF	0	0	0	0	1	0	0	0	0	0	0	0	0	0	0	0	0	0	0	0	0	0	0	0	0
CAKDLPRSVVVTANSYYYGMDVW_CQQYNSYPVTF	0	0	0	0	0	0	0	0	0	0	0	0	0	0	0	0	0	0	0	1	0	0	0	0	0
CAKDLQIGYCSSTSCRNAFDIW_CQQYGSSPPRVTF	0	0	0	0	1	0	0	0	0	0	0	0	0	0	0	0	0	0	0	0	0	0	0	0	0
CAKDLRFLEWLLPYYYGMDVW_CMQALQTPWTF	0	0	0	0	0	0	0	0	0	0	0	0	0	0	0	0	0	0	0	1	0	0	0	0	0
CAKDMELGWLIDYW_CMQALQTPLTF	0	0	0	0	1	0	0	0	0	0	0	0	0	0	0	0	0	0	0	0	0	0	0	0	0
CAKDMLFSNNYW_CQTWGTGINWVF	0	0	0	0	1	0	0	0	0	0	0	0	0	0	0	0	0	0	0	0	0	0	0	0	0
CAKDNGYGGNSLQHW_CCSYAGSSTLVF	0	0	0	0	1	0	0	0	0	0	0	0	0	0	0	0	0	0	0	0	0	0	0	0	0
CAKDPAASGSPWYFDYW_CQQYYSFPRTF	0	0	0	0	1	0	0	0	0	0	0	0	0	0	0	0	0	0	0	0	0	0	0	0	0
CAKDPDYW_CQQRSNWPTF	0	0	0	0	1	0	0	0	0	0	0	0	0	0	0	0	0	0	0	0	0	0	0	0	0
CAKDPNYWRYFDWLTGYYFDYW_CQQRSNWPPWTF	0	0	0	0	0	0	0	0	0	0	0	0	0	0	0	0	1	0	0	0	0	0	0	0	0
CAKDPRLGPYFDYW_CSSYTSSSTRVF	0	0	0	0	0	0	0	0	0	0	0	0	0	0	0	0	0	0	0	0	1	0	0	0	0
CAKDQGYCSSTSCYPYYYGMDVW_CQAWDSSTVVF	0	0	0	0	1	0	0	0	0	0	0	0	0	0	0	0	0	0	0	0	0	0	0	0	0
CAKDQSPSAKNGDYVSFDYW_CMQALQKTF	0	0	0	0	0	0	0	0	0	0	0	0	0	0	0	0	0	0	0	1	0	0	0	0	0
CAKDRASYYNFPIDPW_CQQYYSTPFTF	0	0	0	0	1	0	0	0	0	0	0	0	0	0	0	0	0	0	0	0	0	0	0	0	0
CAKDRCTITSCSYQNW_CMQALQIPPTF	0	0	0	0	0	0	0	0	0	0	0	0	0	0	0	0	0	0	0	1	0	0	0	0	0
CAKDRDGYNADDAFDIW_CQQSYSTPLTF	0	0	0	0	0	0	0	0	0	0	0	0	0	0	0	0	0	0	0	1	0	0	0	0	0
CAKDRGPAEKYYYDSSGTQLIGAFDIW_CQQYYSYPPGTF	0	0	0	0	0	0	0	0	0	0	0	0	0	0	0	0	0	0	0	1	0	0	0	0	0
CAKDRGYRGDYSNWFDPW_CQQYNSYPRTF	0	0	0	0	0	0	0	0	0	0	0	0	0	0	0	0	0	0	0	1	0	0	0	0	0
CAKDRGYYDSSGYYYSDYGMDVW_CQSADSSGTYVF	0	0	0	0	1	0	0	0	0	0	0	0	0	0	0	0	0	0	0	0	0	0	0	0	0
CAKDRQQLVIDAFDIW_CQQANSFSYTF	0	0	0	0	0	0	0	0	0	0	0	0	0	0	0	0	0	0	0	1	0	0	0	0	0
CAKDRRGCSSTSCYTFDYW_CQQSYSTLSF	0	0	0	0	1	0	0	0	0	0	0	0	0	0	0	0	0	0	0	0	0	0	0	0	0
CAKDRRLGPWIPDYW_CQQYDNLPQAF	0	0	0	0	0	0	0	0	0	0	0	0	0	0	0	0	0	0	0	1	0	0	0	0	0
CAKDRSFDYPDYW_CQQYYSFPYTF	0	0	0	0	0	0	0	0	0	0	0	0	0	0	0	0	0	0	0	1	0	0	0	0	0
CAKDRSSLLWFGELLYMPEEYGMDVW_CQQYNNWPLTF	0	0	0	0	1	0	0	0	0	0	0	0	0	0	0	0	0	0	0	0	0	0	0	0	0
CAKDRVGYGDYVDYW_CQQYNNWPPWTF	0	0	0	0	1	0	0	0	0	0	0	0	0	0	0	0	0	0	0	0	0	0	0	0	0
CAKDSIPIYDSSGTTFDYW_CAAWDDSLNGWVF	0	0	0	0	0	0	0	0	0	0	0	0	0	0	0	0	0	0	1	0	0	0	0	0	0
CAKDSLFDRIILIATDIW_CAAWDDSLNGWVF	0	0	0	0	0	0	0	0	0	0	0	0	0	0	0	0	0	0	0	1	0	0	0	0	0
CAKDSPSGYYYYYYYGMDVW_CQQLNSYPITF	0	0	0	0	1	0	0	0	0	0	0	0	0	0	0	0	0	0	0	0	0	0	0	0	0
CAKDSRYSLLIAVAGTEDYW_CQQRSNWPWTF	0	0	0	0	0	0	0	0	0	0	0	0	0	0	0	0	1	0	0	0	0	0	0	0	0
CAKDSSSSDWFDPW_CQQYYSYPLTF	0	0	0	0	1	0	0	0	0	0	0	0	0	0	0	0	0	0	0	0	0	0	0	0	0
CAKDSTCSSTSCYRGYYYYGMDVW_CQQYYSYPITF	0	0	0	0	1	0	0	0	0	0	0	0	0	0	0	0	0	0	0	0	0	0	0	0	0
CAKDTEVGASRYYYYYGMDVW_CQQYGSSPPFTF	0	0	0	0	1	0	0	0	0	0	0	0	0	0	0	0	0	0	0	0	0	0	0	0	0
CAKDVSGYLDAFDIW_CGTWDSSLSAGWVF	0	0	0	0	1	0	0	0	0	0	0	0	0	0	0	0	0	0	0	0	0	0	0	0	0
CAKDVTDGYNIPYYFDSW_CQQRSNWPLTF	0	0	0	0	0	0	0	0	0	0	0	0	0	0	0	0	1	0	0	0	0	0	0	0	0
CAKDWAVGWEFVDSW_CQQSHTVPLTF	0	0	0	0	1	0	0	0	0	0	0	0	0	0	0	0	0	0	0	0	0	0	0	0	0
CAKDWDDYDSESGVYNYYGMDVW_CSAWDDSLNGVVF	0	0	0	0	0	0	0	0	0	0	0	0	0	0	0	0	0	0	1	0	0	0	0	0	0
CAKDYDSGSYYEGGAFDIW_CQQRSNWPLTF	0	0	0	0	0	0	0	0	0	0	0	0	0	0	0	0	1	0	0	0	0	0	0	0	0
CAKDYPVAGDLDAFDIW_CCSYAGSSTWVF	0	0	0	0	1	0	0	0	0	0	0	0	0	0	0	0	0	0	0	0	0	0	0	0	0
CAKEDYNSGSCLDYW_CQQLNSYPQVTF	0	0	0	0	0	0	0	0	0	0	0	0	0	0	0	0	0	0	0	1	0	0	0	0	0
CAKEGITGYYYYYGMDVW_CQQSYSTPHTF	0	0	0	0	1	0	0	0	0	0	0	0	0	0	0	0	0	0	0	0	0	0	0	0	0
CAKELPYYDSSGGPEYW_CAAWDDSLNGWVF	0	0	0	0	0	0	0	0	0	0	0	0	0	0	0	0	0	0	1	0	0	0	0	0	0
CAKEPYGGNSFVYYFDYW_CQQYGSSPGLTF	0	0	0	0	1	0	0	0	0	0	0	0	0	0	0	0	0	0	0	0	0	0	0	0	0
CAKERVVTAIPVVIFDYW_CQQSYSTPRLTF	0	0	0	0	1	0	0	0	0	0	0	0	0	0	0	0	0	0	0	0	0	0	0	0	0
CAKETLGAVDYW_CCSYAGSSRVF	0	0	0	0	0	0	0	0	0	0	0	0	0	0	0	0	0	0	0	1	0	0	0	0	0
CAKEVHSSGFDYW_CQSADSSGTYPWVF	0	0	0	0	1	0	0	0	0	0	0	0	0	0	0	0	0	0	0	0	0	0	0	0	0
CAKEYPGPGQLDDAFDIW_CQSYDSSLSGKVF	0	0	0	0	1	0	0	0	0	0	0	0	0	0	0	0	0	0	0	0	0	0	0	0	0
CAKFDIAAADTGKGEDYW_CMQGTHWPPLTF	0	0	0	0	0	0	0	0	0	0	0	0	0	0	0	0	0	0	0	1	0	0	0	0	0
CAKFFVVLSFWSGYYDYW_CQQLNSYPQTF	0	0	0	0	0	0	0	0	0	0	0	0	0	0	0	0	0	0	0	1	0	0	0	0	0
CAKFHDSSGYYYLYGFDYW_CQAWDSSTYVF	0	0	0	0	0	0	0	0	0	0	0	0	0	0	0	0	0	0	0	1	0	0	0	0	0
CAKGAAASRTDYW_CQQSYSTPPYTF	0	0	0	0	0	0	0	0	0	0	0	0	0	0	0	0	0	0	0	1	0	0	0	0	0
CAKGADPYYDFWSGYSELFPLGMDVW_CSSYTSSSTVVF	0	0	0	0	0	0	0	0	0	0	0	0	0	0	0	0	0	0	0	0	1	0	0	0	0
CAKGATSCAYW_CQQSYSTPRTF	0	0	0	0	0	0	0	0	0	0	0	0	0	0	0	0	0	0	0	1	0	0	0	0	0
CAKGDSRYWYFDLW_CQQRSNWPLTF	0	0	0	0	0	0	0	0	0	0	0	0	0	0	0	0	0	0	0	1	0	0	0	0	0
CAKGEQFIAVNNWFDPW_CQQRSNWPITF	0	0	0	0	0	0	0	0	0	0	0	0	0	0	0	0	1	0	0	0	0	0	0	0	0
CAKGFDYYGSGSYSPFDYW_CQQYNNWPPEYTF	0	0	0	0	0	0	0	0	0	0	0	0	0	0	0	0	0	0	0	1	0	0	0	0	0
CAKGGGADFDHW_CQQYSIWPLSF	0	0	0	0	0	0	0	0	0	0	0	0	0	0	0	0	0	0	0	1	0	0	0	0	0
CAKGGWFGELLFRLDYW_CQQYDNLLTF	0	0	0	0	1	0	0	0	0	0	0	0	0	0	0	0	0	0	0	0	0	0	0	0	0
CAKGGYCSGGSCPLDYYYGMDVW_CMQALQTPLTF	0	0	0	0	0	0	0	0	0	0	0	0	0	0	0	0	0	0	0	1	0	0	0	0	0
CAKGILRYFDWHLEGMDVW_CSSYRNISTVF	0	0	0	0	0	0	0	0	0	0	0	0	0	0	0	0	0	0	0	0	1	0	0	0	0
CAKGLNTAMVSYYFDYW_CVLYMGSGIWVF	0	0	0	0	1	0	0	0	0	0	0	0	0	0	0	0	0	0	0	0	0	0	0	0	0
CAKGMDGSGSYYNKDGMDVW_CQAWDSSTGVF	0	0	0	0	1	0	0	0	0	0	0	0	0	0	0	0	0	0	0	0	0	0	0	0	0
CAKGRGDYYYYGMDVW_CQQYDNLPITF	0	0	0	0	1	0	0	0	0	0	0	0	0	0	0	0	0	0	0	0	0	0	0	0	0
CAKGRNFVVVTAICDYW_CQQYGSSPLTF	0	0	0	0	0	0	0	0	0	0	0	0	0	0	0	0	0	0	0	1	0	0	0	0	0
CAKGRTTEGTDAFDMW_CQQVHSYPITF	0	0	0	0	1	0	0	0	0	0	0	0	0	0	0	0	0	0	0	0	0	0	0	0	0
CAKGRYSFGLDNFDYW_CQQDGNSPTF	0	0	0	0	1	0	0	0	0	0	0	0	0	0	0	0	0	0	0	0	0	0	0	0	0
CAKGRYSSSWYEDWYFDLW_CQQRSNWPPLTF	0	0	0	0	0	0	0	0	0	0	0	0	0	0	0	0	0	0	0	1	0	0	0	0	0
CAKGSSHSGGWFDPW_CQQYNSYWTF	0	0	0	0	1	0	0	0	0	0	0	0	0	0	0	0	0	0	0	0	0	0	0	0	0
CAKGTHYYGSGSMWGMDVW_CQQRSNWPPYTF	0	0	0	0	0	0	0	0	0	0	0	0	0	0	0	0	1	0	0	0	0	0	0	0	0
CAKGVWESTTEDAFDIW_CQQYNSYSPFTF	0	0	0	0	1	0	0	0	0	0	0	0	0	0	0	0	0	0	0	0	0	0	0	0	0
CAKGYSSSWYYNYGMDVW_CQQYYSTPTF	0	0	0	0	0	0	0	0	0	0	0	0	0	0	0	0	0	1	0	0	0	0	0	0	0
CAKILYSSGWWGGAFDIW_CQQYNSYPLTF	0	0	0	0	0	0	0	0	0	0	0	0	0	0	0	0	0	0	0	1	0	0	0	0	0
CAKLGEEDGSGSPSYYYYGMDVW_CQQYNNWPPLTF	0	0	0	0	0	0	0	0	0	0	0	0	0	0	0	0	0	0	0	1	0	0	0	0	0
CAKLPSYSYGPFDYW_CQVWDSSSDHPVF	0	0	0	0	0	0	0	0	0	0	0	0	0	0	0	0	0	0	0	1	0	0	0	0	0
CAKMGASRWGPSYYFDCW_CQQYGSSPRTF	0	0	0	0	0	0	0	0	0	0	0	0	0	0	0	0	0	0	0	1	0	0	0	0	0
CAKNLATTGSHW_CLQDYNYPRTF	0	0	0	0	1	0	0	0	0	0	0	0	0	0	0	0	0	0	0	0	0	0	0	0	0
CAKPEAGQWLHVHHNHYGLDVW_CQSFDNSLSGSVF	0	0	0	0	1	0	0	0	0	0	0	0	0	0	0	0	0	0	0	0	0	0	0	0	0
CAKPLRFGYSSSSCFDYW_CSSYAGSNNYVF	0	0	0	0	1	0	0	0	0	0	0	0	0	0	0	0	0	0	0	0	0	0	0	0	0
CAKPSIVATIWAFDYW_CQQYDNLPPITF	0	0	0	0	0	0	0	0	0	0	0	0	0	0	0	0	0	0	0	1	0	0	0	0	0
CAKQGHFTDTKRIDYW_CQQYDSYPITF	0	0	0	0	1	0	0	0	0	0	0	0	0	0	0	0	0	0	0	0	0	0	0	0	0
CAKRDSSSWGWDRGAFDIW_CQQLNSYPGFTF	0	0	0	0	0	0	0	0	0	0	0	0	0	0	0	0	0	0	0	1	0	0	0	0	0
CAKRGGLMVRGVAVDYW_CQQYYSYPWTF	0	0	0	0	1	0	0	0	0	0	0	0	0	0	0	0	0	0	0	0	0	0	0	0	0
CAKRLDYW_CMQATQFPYTF	0	0	0	0	0	0	0	0	0	0	0	0	0	0	0	0	0	0	0	1	0	0	0	0	0
CAKRPDTTGRSWYFDYW_CQQYNNWLWTF	0	0	0	0	0	0	0	0	0	0	0	0	0	0	0	0	0	0	0	1	0	0	0	0	0
CAKSGPPLEWFFLGYYYGMDVW_CNSRDSSGNHVVF	0	0	0	0	1	0	0	0	0	0	0	0	0	0	0	0	0	0	0	0	0	0	0	0	0
CAKSLKLFAIDYW_CQSADSSGTYWVF	0	0	0	0	0	0	0	0	0	0	0	0	0	0	0	0	0	0	0	1	0	0	0	0	0
CAKSMGATILHAFDIW_CQQYNSYPLTF	0	0	0	0	1	0	0	0	0	0	0	0	0	0	0	0	0	0	0	0	0	0	0	0	0
CAKSMKSFDYW_CQQSYSTPLTF	0	0	0	0	1	0	0	0	0	0	0	0	0	0	0	0	0	0	0	0	0	0	0	0	0
CAKSYGSGSYYRTSEYYFDYW_CQQYNNWPPGTF	0	0	0	0	0	0	0	0	0	0	0	0	0	0	0	0	0	0	0	1	0	0	0	0	0
CAKTQVDGKALWFEPW_CATWDSILSGWIF	0	0	0	0	0	0	0	0	0	0	0	0	0	0	0	0	0	0	1	0	0	0	0	0	0
CAKVALRYFDWLPPYFDYW_CQQYYSYPQNLTF	0	0	0	0	1	0	0	0	0	0	0	0	0	0	0	0	0	0	0	0	0	0	0	0	0
CAKVEGIWFGELSDFYYYYGMDVW_CQQRSNWPLTF	0	0	0	0	0	0	0	0	0	0	0	0	0	0	0	0	1	0	0	0	0	0	0	0	0
CAKVFSSSWGDYW_CQQSYSTPITF	0	0	0	0	1	0	0	0	0	0	0	0	0	0	0	0	0	0	0	0	0	0	0	0	0
CAKVGVGATSHFDYW_CQQSYSTPRYTF	0	0	0	0	0	0	0	0	0	0	0	0	0	0	0	0	0	0	0	1	0	0	0	0	0
CAKVLGFGPHYDILTGYYPFDYW_CQQSYSTPLTF	0	0	0	0	0	0	0	0	0	0	0	0	0	0	0	0	0	0	0	1	0	0	0	0	0
CAKVLLDYYYGMDVW_CSSYTSSSTLVVF	0	0	0	0	1	0	0	0	0	0	0	0	0	0	0	0	0	0	0	0	0	0	0	0	0
CAKVMIEHPSNRGHFDYW_CMQALQTPYTF	0	0	0	0	1	0	0	0	0	0	0	0	0	0	0	0	0	0	0	0	0	0	0	0	0
CAKVPGYSTGWYYFDYW_CQQCDSSPEWTF	0	0	0	0	1	0	0	0	0	0	0	0	0	0	0	0	0	0	0	0	0	0	0	0	0
CAKVPLGWGAAGGAYFDYW_CQQYGSSPATF	0	0	0	0	1	0	0	0	0	0	0	0	0	0	0	0	0	0	0	0	0	0	0	0	0
CAKVPTVTTFLGYYYGMDVW_CQQSYSTPWYTF	0	0	0	0	1	0	0	0	0	0	0	0	0	0	0	0	0	0	0	0	0	0	0	0	0
CAKVRGIVGATPCYFDYW_CQVWDSSSDHPVF	0	0	0	0	0	0	0	0	0	0	0	0	0	0	0	0	0	0	0	1	0	0	0	0	0
CAKWGHSSWYDNWFDPW_CQSADSSGTYVVF	0	0	0	0	0	0	0	0	0	0	0	0	0	0	0	0	0	0	0	1	0	0	0	0	0
CAKYPSFSSRRWYFDLW_CQQYNNWPPPYTF	0	0	0	0	0	0	0	0	0	0	0	0	0	0	0	0	0	0	0	1	0	0	0	0	0
CAKYVDTAMNQFDPW_CQQANSFPITF	0	0	0	0	1	0	0	0	0	0	0	0	0	0	0	0	0	0	0	0	0	0	0	0	0
CALGIDAFDIW_CQQYNNWPKTF	0	0	0	0	1	0	0	0	0	0	0	0	0	0	0	0	0	0	0	0	0	0	0	0	0
CAMGGYDSSGVQLDYW_CAAWDDSLSGYVF	0	0	0	0	1	0	0	0	0	0	0	0	0	0	0	0	0	0	0	0	0	0	0	0	0
CAMKGGRDGYNTRVYYYYGMDVW_CCSYAGSSTPYVF	0	0	0	0	1	0	0	0	0	0	0	0	0	0	0	0	0	0	0	0	0	0	0	0	0
CANDRDASSAWYGPVGYW_CQQHYSTPGTF	0	0	0	0	0	0	0	0	0	0	0	0	0	0	0	0	0	1	0	0	0	0	0	0	0
CANGPPINYGDYEDAFDIW_CQQYNSYPLTF	0	0	0	0	1	0	0	0	0	0	0	0	0	0	0	0	0	0	0	0	0	0	0	0	0
CANISPPPRYYGSGSYYNFAFDIW_CQQLNSYPFTF	0	0	0	0	0	0	0	0	0	0	0	0	0	0	0	0	0	0	0	1	0	0	0	0	0
CANQPPSLYW_CQQYNNWPGTF	0	0	0	0	1	0	0	0	0	0	0	0	0	0	0	0	0	0	0	0	0	0	0	0	0
CAQGGYSYGYYDYW_CAAWDDSLNGVVF	0	0	0	0	1	0	0	0	0	0	0	0	0	0	0	0	0	0	0	0	0	0	0	0	0
CAQIAAAGTMGFDYW_CQQRSNWPSLTF	0	0	0	0	0	0	0	0	0	0	0	0	0	0	0	0	1	0	0	0	0	0	0	0	0
CAQTGILTGYPRVGNAFDIW_CQQRSNWLGFTF	0	0	0	0	0	0	0	0	0	0	0	0	0	0	0	0	1	0	0	0	0	0	0	0	0
CAQTKLGIFGGMDVW_CQQSYSTPYTF	0	0	0	0	1	0	0	0	0	0	0	0	0	0	0	0	0	0	0	0	0	0	0	0	0
CARAADYCTSASCPNEYFQHW_CQSYDSSLSVF	0	0	0	0	1	0	0	0	0	0	0	0	0	0	0	0	0	0	0	0	0	0	0	0	0
CARAAGTGGYYYGMDVW_CVLYMGSGISVF	0	0	0	0	1	0	0	0	0	0	0	0	0	0	0	0	0	0	0	0	0	0	0	0	0
CARAAGYCSSTSCYEIYYYYGMDVW_CQSYDSSLSVPF	0	0	0	0	1	0	0	0	0	0	0	0	0	0	0	0	0	0	0	0	0	0	0	0	0
CARAAKIFGVVTAFDIW_CQQYGSSPWTF	0	0	0	0	1	0	0	0	0	0	0	0	0	0	0	0	0	0	0	0	0	0	0	0	0
CARAAPYSSSSLDYW_CQQSYSTLTWTF	0	0	0	0	1	0	0	0	0	0	0	0	0	0	0	0	0	0	0	0	0	0	0	0	0
CARADVVVVAALDYW_CQQYYSTPITF	0	0	0	0	1	0	0	0	0	0	0	0	0	0	0	0	0	0	0	0	0	0	0	0	0
CARAEIFGVVIQAFDYW_CQSYDSSLSGSVF	0	0	0	0	1	0	0	0	0	0	0	0	0	0	0	0	0	0	0	0	0	0	0	0	0
CARAEIYGSGSKYYYYGMDVW_CQSADSSGTYYVF	0	0	0	0	0	0	0	0	0	0	0	0	0	0	0	0	1	0	0	0	0	0	0	0	0
CARAGAVARGYFDYW_CQQYYSFPPTF	0	0	0	0	0	0	0	0	0	0	0	0	0	0	0	0	0	1	0	0	0	0	0	0	0
CARAGAYYYGSAIDYW_CQQYGSSPGLTF	0	0	0	0	1	0	0	0	0	0	0	0	0	0	0	0	0	0	0	0	0	0	0	0	0
CARAGLEINTPDSSGYYYGGGYFDYW_CQQYDNLPPRRFTF	0	0	0	0	1	0	0	0	0	0	0	0	0	0	0	0	0	0	0	0	0	0	0	0	0
CARAGLRSWFDPW_CMQSIQLPNTF	0	0	0	0	1	0	0	0	0	0	0	0	0	0	0	0	0	0	0	0	0	0	0	0	0
CARAGQFGDSYYYYYYGMDVW_CLQDYNYPQTF	0	0	0	0	1	0	0	0	0	0	0	0	0	0	0	0	0	0	0	0	0	0	0	0	0
CARAGYCSSTSCSKEDVW_CQQSYSTPPRTF	0	0	0	0	1	0	0	0	0	0	0	0	0	0	0	0	0	0	0	0	0	0	0	0	0
CARAGYGDYVGDFDYW_CQSADSSGTYVVF	0	0	0	0	1	0	0	0	0	0	0	0	0	0	0	0	0	0	0	0	0	0	0	0	0
CARAHDSTGYQDFDYW_CQQAKSFPYTF	0	0	0	0	1	0	0	0	0	0	0	0	0	0	0	0	0	0	0	0	0	0	0	0	0
CARAIFGVVSVMGFDYW_CMQALQTLTF	0	0	0	0	1	0	0	0	0	0	0	0	0	0	0	0	0	0	0	0	0	0	0	0	0
CARAIQMGCSDGSCLW_CQQYDNLPSYTF	0	0	0	0	1	0	0	0	0	0	0	0	0	0	0	0	0	0	0	0	0	0	0	0	0
CARAIWYYDILTGYYSYYGMDVW_CSSYAGSNNLEVF	0	0	0	0	0	0	0	0	0	0	0	0	0	0	0	0	1	0	0	0	0	0	0	0	0
CARAKAARPTPTYYYYYYGMDVW_CQAWDSSTGDVF	0	0	0	0	1	0	0	0	0	0	0	0	0	0	0	0	0	0	0	0	0	0	0	0	0
CARALREEQWLNNAFDIW_CQQYYSYPTF	0	0	0	0	1	0	0	0	0	0	0	0	0	0	0	0	0	0	0	0	0	0	0	0	0
CARALSLGPRTYYYDSPQRGHDAFDIW_CQQSYSTSWTF	0	0	0	0	0	0	0	0	0	0	0	0	0	0	0	0	1	0	0	0	0	0	0	0	0
CARALYYDILTGYYPRYYFDYW_CQQLNSYPITF	0	0	0	0	0	0	0	0	0	0	0	0	0	0	0	0	0	1	0	0	0	0	0	0	0
CARALYYDSSGYQPNRYYFDYW_CQSYDSSLSGYVVF	0	0	0	0	1	0	0	0	0	0	0	0	0	0	0	0	0	0	0	0	0	0	0	0	0
CARANAEYSSSLLFDYW_CQSYDNSLSAYVF	0	0	0	0	1	0	0	0	0	0	0	0	0	0	0	0	0	0	0	0	0	0	0	0	0
CARANSGSYSFFFLRLDYFDYW_CQQYNNWPLTF	0	0	0	0	1	0	0	0	0	0	0	0	0	0	0	0	0	0	0	0	0	0	0	0	0
CARANWDNWNDGLDYW_CGTWDSRLSSYVF	0	0	0	0	1	0	0	0	0	0	0	0	0	0	0	0	0	0	0	0	0	0	0	0	0
CARARDRQGAYYYGSGSYVPYYYYGMDVW_CCSYAGSSPWVF	0	0	0	0	0	0	0	0	0	0	0	0	0	0	0	0	0	0	1	0	0	0	0	0	0
CARARGDFWSGYTHWYFDLW_CQQRSNWPPWYTF	0	0	0	0	0	0	0	0	0	0	0	0	0	0	0	0	1	0	0	0	0	0	0	0	0
CARARSSGWYHYW_CQQRSNWPPTF	0	0	0	0	0	0	0	0	0	0	0	0	0	0	0	0	1	0	0	0	0	0	0	0	0
CARARYRRDGYHNLYAFDIW_NA	0	0	0	0	1	0	0	0	0	0	0	0	0	0	0	0	0	0	0	0	0	0	0	0	0
CARARYYDSNSYSYAW_CQTWGTGIWVF	0	0	0	0	1	0	0	0	0	0	0	0	0	0	0	0	0	0	0	0	0	0	0	0	0
CARASTAAYYYYYYGMDVW_CAAWDDSLNGHVVF	0	0	0	0	0	0	0	0	0	0	0	0	0	0	0	0	0	0	1	0	0	0	0	0	0
CARASWDSSSWGLGFDPW_CQAWDSSTGVF	0	0	0	0	1	0	0	0	0	0	0	0	0	0	0	0	0	0	0	0	0	0	0	0	0
CARATPRGYGGNSLNWFDPW_CQQYNSYPFTF	0	0	0	0	1	0	0	0	0	0	0	0	0	0	0	0	0	0	0	0	0	0	0	0	0
CARATQDSSGWYGFWYFDYW_CQQYNNWPPTF	0	0	0	0	1	0	0	0	0	0	0	0	0	0	0	0	0	0	0	0	0	0	0	0	0
CARAVCGDDCYLLDSW_CAAWDRSLGAVVF	0	0	0	0	1	0	0	0	0	0	0	0	0	0	0	0	0	0	0	0	0	0	0	0	0
CARAVDTAMVTNNWFDPW_CQQSYSTPFTF	0	0	0	0	1	0	0	0	0	0	0	0	0	0	0	0	0	0	0	0	0	0	0	0	0
CARAVLRFLEWFSNWFDPW_CSSYTSSSTHVF	0	0	0	0	1	0	0	0	0	0	0	0	0	0	0	0	0	0	0	0	0	0	0	0	0
CARAVPARPEYCGGDCYIYYYGMDVW_CQSADSSGTYWVF	0	0	0	0	0	0	0	0	0	0	0	0	0	0	0	0	1	0	0	0	0	0	0	0	0
CARAYGMDVW_CQKYNSAPYTF	0	0	0	0	0	0	0	0	0	0	0	0	0	0	0	0	0	1	0	0	0	0	0	0	0
CARDAGRDGNEYYFDYW_CQQYNSYLYTF	0	0	0	0	0	0	0	0	0	0	0	0	0	0	0	0	1	0	0	0	0	0	0	0	0
CARDAMAIGDYYYYGMDVW_CQQLNSYPSLTF	0	0	0	0	1	0	0	0	0	0	0	0	0	0	0	0	0	0	0	0	0	0	0	0	0
CARDAPDRGSSWYSALFDYW_CQQYNNWPPTF	0	0	0	0	1	0	0	0	0	0	0	0	0	0	0	0	0	0	0	0	0	0	0	0	0
CARDAPIWDTAIVYW_CQQYGSSLPWTF	0	0	0	0	1	0	0	0	0	0	0	0	0	0	0	0	0	0	0	0	0	0	0	0	0
CARDAYGGYSFYYYGMDVW_CQQYGSSPFTF	0	0	0	0	1	0	0	0	0	0	0	0	0	0	0	0	0	0	0	0	0	0	0	0	0
CARDCDGGCDYW_CQSADSSGTYRVF	0	0	0	0	0	0	0	0	0	0	0	0	0	0	0	0	1	0	0	0	0	0	0	0	0
CARDCGGPVTTTTNDAFDIW_CQQYYSYPRTF	0	0	0	0	0	0	0	0	0	0	0	0	0	0	0	0	1	0	0	0	0	0	0	0	0
CARDCSSTSCLAYW_CQLRSNWPTF	0	0	0	0	0	0	0	0	0	0	0	0	0	0	0	0	1	0	0	0	0	0	0	0	0
CARDDEWEPYDYW_CCSYAGSSTYVF	0	0	0	0	1	0	0	0	0	0	0	0	0	0	0	0	0	0	0	0	0	0	0	0	0
CARDDFGGATFYSSFDYW_CQQSYSTPYTF	0	0	0	0	1	0	0	0	0	0	0	0	0	0	0	0	0	0	0	0	0	0	0	0	0
CARDDIVVVPAAIDYW_CQSYDSSLSGPYVF	0	0	0	0	1	0	0	0	0	0	0	0	0	0	0	0	0	0	0	0	0	0	0	0	0
CARDDRFGGDTLGWFDPW_CQSYDSSLSGSGYVF	0	0	0	0	0	0	0	0	0	0	0	0	0	0	0	0	1	0	0	0	0	0	0	0	0
CARDDYYYDSSGYYPRFDYW_CSSYTSSSTLGVF	0	0	0	0	0	0	0	0	0	0	0	0	0	0	0	0	0	0	0	0	1	0	0	0	0
CARDEDYYYDSSGSVDYW_CQQSYSTPWTF	0	0	0	0	1	0	0	0	0	0	0	0	0	0	0	0	0	0	0	0	0	0	0	0	0
CARDEGAAAYFDYW_CCSYAGSSTCWVF	0	0	0	0	1	0	0	0	0	0	0	0	0	0	0	0	0	0	0	0	0	0	0	0	0
CARDEGIAARTRGETHYYYYGMDVW_CQQYYSTPYTF	0	0	0	0	0	0	0	0	0	0	0	0	0	0	0	0	0	1	0	0	0	0	0	0	0
CARDELDILTGYNIPTFGGCVYW_CQQYYSYPWTF	0	0	0	0	2	0	0	0	0	0	0	0	0	0	0	0	0	0	0	0	0	0	0	0	0
CARDELRQLVLW_CQSYDSSNPWVF	0	0	0	0	0	0	0	0	0	0	0	0	0	0	0	0	0	0	1	0	0	0	0	0	0
CARDEMVRRDGYNFAFDIW_CQQYYSTPPLTF	0	0	0	0	0	0	0	0	0	0	0	0	0	0	0	0	0	1	0	0	0	0	0	0	0
CARDENHLYYGDLAYW_CQQSYSIPRAF	0	0	0	0	1	0	0	0	0	0	0	0	0	0	0	0	0	0	0	0	0	0	0	0	0
CARDFDAAEGAFDIW_CQVWDSSSDPTFYVF	0	0	0	0	1	0	0	0	0	0	0	0	0	0	0	0	0	0	0	0	0	0	0	0	0
CARDFGERYCSGGSCYSFDPYYYYGMDVW_CLQHNSYPWTF	0	0	0	0	1	0	0	0	0	0	0	0	0	0	0	0	0	0	0	0	0	0	0	0	0
CARDFTEDGYNFDWRMLPDYW_CQQRSNWPPITF	0	0	0	0	1	0	0	0	0	0	0	0	0	0	0	0	0	0	0	0	0	0	0	0	0
CARDGAGHYGSGSYFGSW_CATWDDSLNGFVIF	0	0	0	0	0	0	0	0	0	0	0	0	0	0	0	0	0	0	1	0	0	0	0	0	0
CARDGDTAMVINYFDYW_CQSADSSGTYWVF	0	0	0	0	1	0	0	0	0	0	0	0	0	0	0	0	0	0	0	0	0	0	0	0	0
CARDGGFGGSWLDPW_CQQRSHFRTF	0	0	0	0	0	0	0	0	0	0	0	0	0	0	0	0	1	0	0	0	0	0	0	0	0
CARDGGGWYGLVDYW_CQQYNNWPLTF	0	0	0	0	0	0	0	0	0	0	0	0	0	0	0	0	1	0	0	0	0	0	0	0	0
CARDGGGYYQKKGYFQHW_CGTWDSSLSAVVF	0	0	0	0	1	0	0	0	0	0	0	0	0	0	0	0	0	0	0	0	0	0	0	0	0
CARDGGRGSGWSTPDYW_CNSRDSSGNHVVF	0	0	0	0	1	0	0	0	0	0	0	0	0	0	0	0	0	0	0	0	0	0	0	0	0
CARDGGYSYGYAQGYYGMDVW_CQSADSSGTHVVF	0	0	0	0	0	0	0	0	0	0	0	0	0	0	0	0	1	0	0	0	0	0	0	0	0
CARDGHYSGSYYVGYW_CCSYAGSYTYWVF	0	0	0	0	0	0	0	0	0	0	0	0	0	0	0	0	0	0	1	0	0	0	0	0	0
CARDGKGYSYGSGNYYGMDVW_CQQSYSTLYTF	0	0	0	0	1	0	0	0	0	0	0	0	0	0	0	0	0	0	0	0	0	0	0	0	0
CARDGKPSKTFDYW_CQQSYSTPLTF	0	0	0	0	0	0	0	0	0	0	0	0	0	0	0	0	1	0	0	0	0	0	0	0	0
CARDGLDYDSNAIDYW_CQQYDNLPYTF	0	0	0	0	0	0	0	0	0	0	0	0	0	0	0	0	0	0	1	0	0	0	0	0	0
CARDGPMTAIGGYGMDVW_CQSYGSLGGSVF	0	0	0	0	1	0	0	0	0	0	0	0	0	0	0	0	0	0	0	0	0	0	0	0	0
CARDGPYSGSYYGDAFDIW_CQQSYSTPRTF	0	0	0	0	1	0	0	0	0	0	0	0	0	0	0	0	0	0	0	0	0	0	0	0	0
CARDGRDYYDSSGYYYDDAFDIW_CQSADSSGTVVF	0	0	0	0	0	0	0	0	0	0	0	0	0	0	0	0	0	0	1	0	0	0	0	0	0
CARDGRWELLGNQHW_CCSYAGSSTYVF	0	0	0	0	1	0	0	0	0	0	0	0	0	0	0	0	0	0	0	0	0	0	0	0	0
CARDGSGYLEQYYFDYW_CAAWDDSLNGYVF	0	0	0	0	0	0	0	0	0	0	0	0	0	0	0	0	0	0	0	0	1	0	0	0	0
CARDGSSSIFDYW_CNSRDSSGNHVVF	0	0	0	0	1	0	0	0	0	0	0	0	0	0	0	0	0	0	0	0	0	0	0	0	0
CARDGSWYAAWFDPW_CQSYDSSLSGSVVF	0	0	0	0	1	0	0	0	0	0	0	0	0	0	0	0	0	0	0	0	0	0	0	0	0
CARDGYSGYDRADYYYYYGMDVW_CQSYDSSLSGSRVF	0	0	0	0	0	0	0	0	0	0	0	0	0	0	0	0	0	0	1	0	0	0	0	0	0
CARDHIAVAATPAEYYYYGMDVW_CQAWDSSTVVF	0	0	0	0	0	0	0	0	0	0	0	0	0	0	0	0	0	0	1	0	0	0	0	0	0
CARDHKQWRVSYVWFDPW_CQQRNTWPRPTF	0	0	0	0	0	0	0	0	0	0	0	0	0	0	0	0	1	0	0	0	0	0	0	0	0
CARDHPLMVRENLGFDPW_CAAWDDSLNGPVF	0	0	0	0	0	0	0	0	0	0	0	0	0	0	0	0	0	0	1	0	0	0	0	0	0
CARDHRMNIAVAGTNWFDPW_CQKYNSAPLFTF	0	0	0	0	1	0	0	0	0	0	0	0	0	0	0	0	0	0	0	0	0	0	0	0	0
CARDIGGIAAAGSPPSAFDIW_CQQYNSYSTF	0	0	0	0	1	0	0	0	0	0	0	0	0	0	0	0	0	0	0	0	0	0	0	0	0
CARDIGPLDVW_CQVWDSSSDHRVF	0	0	0	0	0	0	0	0	0	0	0	0	0	0	0	0	0	0	1	0	0	0	0	0	0
CARDIGYSSGWYWTPGVNYYYGMDVW_CQQYGSSPWTF	0	0	0	0	0	0	0	0	0	0	0	0	0	0	0	0	1	0	0	0	0	0	0	0	0
CARDIHGNGALYYYYGMDVW_CAAWDDSLNGLYVF	0	0	0	0	0	0	0	0	0	0	0	0	0	0	0	0	0	0	1	0	0	0	0	0	0
CARDIQYYYDSSGYDAFDIW_CQQSYSTPWTF	0	0	0	0	1	0	0	0	0	0	0	0	0	0	0	0	0	0	0	0	0	0	0	0	0
CARDISKGAAGTGDWFDPW_CQQRSNWPLTF	0	0	0	0	0	0	0	0	0	0	0	0	0	0	0	0	1	0	0	0	0	0	0	0	0
CARDIVRDFDWPGVGYW_CAAWDDSLNGYVF	0	0	0	0	0	0	0	0	0	0	0	0	0	0	0	0	1	0	0	0	0	0	0	0	0
CARDKGATFDYW_CQQSYSTPYTF	0	0	0	0	0	0	0	0	0	0	0	0	0	0	0	0	1	0	0	0	0	0	0	0	0
CARDKGGTTVTTSNWFDPW_CQQYDNLPLTF	0	0	0	0	1	0	0	0	0	0	0	0	0	0	0	0	0	0	0	0	0	0	0	0	0
CARDKGYSSSWYIRSSWFDPW_CLLSYSGARLVF	0	0	0	0	1	0	0	0	0	0	0	0	0	0	0	0	0	0	0	0	0	0	0	0	0
CARDKVVGARNWFDPW_CQQSYSTPSF	0	0	0	0	1	0	0	0	0	0	0	0	0	0	0	0	0	0	0	0	0	0	0	0	0
CARDLFPIQYGSEPYGMDVW_CQQYGSSPRTF	0	0	0	0	0	0	0	0	0	0	0	0	0	0	0	0	0	0	1	0	0	0	0	0	0
CARDLGARDGYNKFDYW_CQQYYSTPALTF	0	0	0	0	0	0	0	0	0	0	0	0	0	0	0	0	0	1	0	0	0	0	0	0	0
CARDLGATDYW_CCSYAGSSTPYVF	0	0	0	0	1	0	0	0	0	0	0	0	0	0	0	0	0	0	0	0	0	0	0	0	0
CARDLGIAVAGRVEGYFDYW_CCSYAGSYTLVF	0	0	0	0	1	0	0	0	0	0	0	0	0	0	0	0	0	0	0	0	0	0	0	0	0
CARDLGWSEGNYYYYGMDVW_CSSYTSSSTYVF	0	0	0	0	0	0	0	0	0	0	0	0	0	0	0	0	0	0	0	0	1	0	0	0	0
CARDLIARTALTYYYYGMDVW_CQSYDSSLSGGVF	0	0	0	0	1	0	0	0	0	0	0	0	0	0	0	0	0	0	0	0	0	0	0	0	0
CARDLIGFGASFDYW_CQQYNNWPPYTF	0	0	0	0	0	0	0	0	0	0	0	0	0	0	0	0	0	0	1	0	0	0	0	0	0
CARDLLRAYSSSSTSSIDYW_CQQYYSYPRTF	0	0	0	0	1	0	0	0	0	0	0	0	0	0	0	0	0	0	0	0	0	0	0	0	0
CARDLLSISGSPFDPW_CQQRSNWPPGGGGLTF	0	0	0	0	1	0	0	0	0	0	0	0	0	0	0	0	0	0	0	0	0	0	0	0	0
CARDLPAARYGDYGGFDYW_CAAWDDSLNGVVF	0	0	0	0	0	0	0	0	0	0	0	0	0	0	0	0	0	0	1	0	0	0	0	0	0
CARDLPAVYYYGMDVW_CQQSYSTLFTF	0	0	0	0	0	0	0	0	0	0	0	0	0	0	0	0	0	1	0	0	0	0	0	0	0
CARDLQRGYSYGYW_CAAWDDSLNGVVF	0	0	0	0	0	0	0	0	0	0	0	0	0	0	0	0	0	0	1	0	0	0	0	0	0
CARDLRNYYDFWSGSPNPKINWFDPW_CQKYNSAPLTF	0	0	0	0	0	0	0	0	0	0	0	0	0	0	0	0	0	0	1	0	0	0	0	0	0
CARDLRPAANFDYW_CQVWDSSSDYVF	0	0	0	0	1	0	0	0	0	0	0	0	0	0	0	0	0	0	0	0	0	0	0	0	0
CARDLRPVAGTADYLDYW_CQQYHYWPRTF	0	0	0	0	1	0	0	0	0	0	0	0	0	0	0	0	0	0	0	0	0	0	0	0	0
CARDLRWCSGGSCYGNYYGMDVW_CAAWDDSLNGQVF	0	0	0	0	0	0	0	0	0	0	0	0	0	0	0	0	0	0	1	0	0	0	0	0	0
CARDLTTRDYSDAFDIW_CQQYGSSPRTF	0	0	0	0	1	0	0	0	0	0	0	0	0	0	0	0	0	0	0	0	0	0	0	0	0
CARDLYSGYSYGSAVYW_CQQRSNWPIF	0	0	0	0	0	0	0	0	0	0	0	0	0	0	0	0	1	0	0	0	0	0	0	0	0
CARDNIVVVPAAMFEASDYYYGMDVW_CMQALQTPYTF	0	0	0	0	0	0	0	0	0	0	0	0	0	0	0	0	0	0	1	0	0	0	0	0	0
CARDNSGSYVVEYYFDYW_CAAWDDSLNGWVF	0	0	0	0	0	0	0	0	0	0	0	0	0	0	0	0	0	0	1	0	0	0	0	0	0
CARDNYDILTGHYGMDVW_CAAWDDSLSGLYVF	0	0	0	0	1	0	0	0	0	0	0	0	0	0	0	0	0	0	0	0	0	0	0	0	0
CARDPANYFDYW_CQQSYSTLWTF	0	0	0	0	1	0	0	0	0	0	0	0	0	0	0	0	0	0	0	0	0	0	0	0	0
CARDPDPNWSKDWFDPW_CQQYNNWPPLTF	0	0	0	0	1	0	0	0	0	0	0	0	0	0	0	0	0	0	0	0	0	0	0	0	0
CARDPGDYVEIEWYFDLW_CQQRSNWPRLTF	0	0	0	0	0	0	0	0	0	0	0	0	0	0	0	0	1	0	0	0	0	0	0	0	0
CARDPGIAVAETVYYYYYYGMDVW_CMQALQTPPTF	0	0	0	0	1	0	0	0	0	0	0	0	0	0	0	0	0	0	0	0	0	0	0	0	0
CARDPHHTFGGVLVW_CQKYNSARTF	0	0	0	0	1	0	0	0	0	0	0	0	0	0	0	0	0	0	0	0	0	0	0	0	0
CARDPHYYDSSGYYYWYFDLW_CSSYAGSNNPYVF	1	0	0	0	0	0	0	0	0	0	0	0	0	0	0	0	0	0	0	0	0	0	0	0	0
CARDPITMVRGVIISGWYFDLW_CSSYTSSSTLDVVF	0	0	0	0	0	0	0	0	0	0	0	0	0	0	0	0	0	0	0	0	1	0	0	0	0
CARDPMVRGVNYGMDVW_CMQALQTPRTF	0	0	0	0	1	0	0	0	0	0	0	0	0	0	0	0	0	0	0	0	0	0	0	0	0
CARDPPLYSSGWFTGDYW_CQQYNSYPRTF	0	0	0	0	1	0	0	0	0	0	0	0	0	0	0	0	0	0	0	0	0	0	0	0	0
CARDPSLGDPGWGYFDYW_CQQYNSYSTWTF	0	0	0	0	1	0	0	0	0	0	0	0	0	0	0	0	0	0	0	0	0	0	0	0	0
CARDPSNWGSFGYW_CQAWDSSTYVF	0	0	0	0	1	0	0	0	0	0	0	0	0	0	0	0	0	0	0	0	0	0	0	0	0
CARDPVPVILGYCSGGRCSPLDYW_CQNYNSAPRTF	0	0	0	0	0	0	0	0	0	0	0	0	0	0	0	0	0	0	1	0	0	0	0	0	0
CARDPWELHGFDYW_CQQYGSSSFTF	0	0	0	0	1	0	0	0	0	0	0	0	0	0	0	0	0	0	0	0	0	0	0	0	0
CARDQDLAALNYW_CGTWDSSLSAKVF	0	0	0	0	1	0	0	0	0	0	0	0	0	0	0	0	0	0	0	0	0	0	0	0	0
CARDQEYSSGWDGPDYYYYYGMDVW_CQQSYSTPQTF	0	0	0	0	0	0	0	0	0	0	0	0	0	0	0	0	1	0	0	0	0	0	0	0	0
CARDQGDGDYGAFDIW_CQQSYSTSSWTF	0	0	0	0	0	0	0	0	0	0	0	0	0	0	0	0	0	0	1	0	0	0	0	0	0
CARDQGTAAKPLDYW_CSSYTSSSTRVF	0	0	0	0	0	0	0	0	0	0	0	0	0	0	0	0	0	0	0	0	1	0	0	0	0
CARDQQWLGDFDYW_CSSYAGSNNLWVF	0	0	0	0	0	0	0	0	0	0	0	0	0	0	0	0	1	0	0	0	0	0	0	0	0
CARDQRSYADYW_CQQYYSYPQTF	0	0	0	0	0	0	0	0	0	0	0	0	0	0	0	0	0	0	1	0	0	0	0	0	0
CARDQWLAYYFDYW_CQSYDSSNHWVF	0	0	0	0	1	0	0	0	0	0	0	0	0	0	0	0	0	0	0	0	0	0	0	0	0
CARDQYSSGWYLGGWGYFDYW_CQQYYSTLRTF	0	0	0	0	0	0	0	0	0	0	0	0	0	0	0	0	0	1	0	0	0	0	0	0	0
CARDRDGAFAIW_CAIWYSNTHVIF	0	0	0	0	0	0	0	0	0	0	0	0	0	0	0	0	0	1	0	0	0	0	0	0	0
CARDREQLAPFDYW_CQSADSSGTYVF	0	0	0	0	0	0	0	0	0	0	0	0	0	0	0	0	0	0	1	0	0	0	0	0	0
CARDRGGYGVRWFDPW_CQQYDNLPPTF	0	0	0	0	1	0	0	0	0	0	0	0	0	0	0	0	0	0	0	0	0	0	0	0	0
CARDRGLRKKYFQHW_CQQYGSSPSTF	0	0	0	0	1	0	0	0	0	0	0	0	0	0	0	0	0	0	0	0	0	0	0	0	0
CARDRGPAGLDYW_CQQSYSTRYTF	0	0	0	0	1	0	0	0	0	0	0	0	0	0	0	0	0	0	0	0	0	0	0	0	0
CARDRGQWLVREEDYYYGMDVW_CQQYYSTPLTF	0	0	0	0	0	0	0	0	0	0	0	0	0	0	0	0	1	0	0	0	0	0	0	0	0
CARDRGSGTEPDFDYW_CMQATQFPLTF	0	0	0	0	1	0	0	0	0	0	0	0	0	0	0	0	0	0	0	0	0	0	0	0	0
CARDRGVGARHFDYW_CQQYNNWPPWTF	0	0	0	0	0	0	0	0	0	0	0	0	0	0	0	0	1	0	0	0	0	0	0	0	0
CARDRGYGSGSYFSGFDYW_CQQYNNWPPRTF	0	0	0	0	0	0	0	0	0	0	0	0	0	0	0	0	0	0	1	0	0	0	0	0	0
CARDRIAAADHNWFDPW_CAAWDDSLNGWVF	0	0	0	0	1	0	0	0	0	0	0	0	0	0	0	0	0	0	0	0	0	0	0	0	0
CARDRLDGYNSFYYGMDVW_CQSYDSSLSGSVF	0	0	0	0	0	0	0	0	0	0	0	0	0	0	0	0	1	0	0	0	0	0	0	0	0
CARDRLIIRFLERPNWFDPW_CCSYAGSSTPVF	0	0	0	0	1	0	0	0	0	0	0	0	0	0	0	0	0	0	0	0	0	0	0	0	0
CARDRPALWFGELHGMDVW_CSSYTSSSTLVF	0	0	0	0	0	0	0	0	0	0	0	0	0	0	0	0	0	0	0	0	1	0	0	0	0
CARDRPPYSNYVIYGMDVW_CQQRSNWPPLTF	0	0	0	0	0	0	0	0	0	0	0	0	0	0	0	0	1	0	0	0	0	0	0	0	0
CARDRRGEHNFDYW_CQQRSNWPPGTF	0	0	0	0	1	0	0	0	0	0	0	0	0	0	0	0	0	0	0	0	0	0	0	0	0
CARDRRGYSYGYPWFDPW_CNSRDSSGNHRVF	0	0	0	0	0	0	0	0	0	0	0	0	0	0	0	0	0	1	0	0	0	0	0	0	0
CARDRSAERRGYFDYW_CNSRDSSGNHYVF	0	0	0	0	0	0	0	0	0	0	0	0	0	0	0	0	1	0	0	0	0	0	0	0	0
CARDRSGGSWFDPW_CVLYMGSGVF	0	0	0	0	0	0	0	0	0	0	0	0	0	0	0	0	0	0	1	0	0	0	0	0	0
CARDRSRWEFLYYFDYW_CQQYGSSGYTF	0	0	0	0	1	0	0	0	0	0	0	0	0	0	0	0	0	0	0	0	0	0	0	0	0
CARDRSVVTMVRGVIPFYW_CCSYAGSYTVVF	0	0	0	0	1	0	0	0	0	0	0	0	0	0	0	0	0	0	0	0	0	0	0	0	0
CARDRTSFGYSYGNIDYW_CQTWGTGILVF	0	0	0	0	1	0	0	0	0	0	0	0	0	0	0	0	0	0	0	0	0	0	0	0	0
CARDRVAIMRGIKPNGMDVW_CQQLNSYPQTF	0	0	0	0	0	0	0	0	0	0	0	0	0	0	0	0	0	0	0	0	1	0	0	0	0
CARDRVHDYVWGSYRDLDYW_CQQSYSTLMYTF	0	0	0	0	0	0	0	0	0	0	0	0	0	0	0	0	0	1	0	0	0	0	0	0	0
CARDRVVGATLYYYYYGMDVW_CQAWDSSSVVF	0	0	0	0	1	0	0	0	0	0	0	0	0	0	0	0	0	0	0	0	0	0	0	0	0
CARDRWSLHIVGASPRGPSFDYW_CQQANSFPVTF	0	0	0	0	0	0	0	0	0	0	0	0	0	0	0	0	1	0	0	0	0	0	0	0	0
CARDRWVPAAVPHYYYYGMDVW_CQQANSFPLTF	0	0	0	0	1	0	0	0	0	0	0	0	0	0	0	0	0	0	0	0	0	0	0	0	0
CARDRWVVAAYYYGMDVW_CAIWYSSTWVF	0	0	0	0	1	0	0	0	0	0	0	0	0	0	0	0	0	0	0	0	0	0	0	0	0
CARDRYDYGDYPAEYFQHW_CAAWDDSLNGVVF	0	0	0	0	0	0	0	0	0	0	0	0	0	0	0	0	0	0	1	0	0	0	0	0	0
CARDRYFGPW_CQQYYSTPWTF	0	0	0	0	0	0	0	0	0	0	0	0	0	0	0	0	0	1	0	0	0	0	0	0	0
CARDRYYYGSGRHRGSYYYYGMDVW_CAAWDDSLNGWVF	0	0	0	0	1	0	0	0	0	0	0	0	0	0	0	0	0	0	0	0	0	0	0	0	0
CARDSEGEPSAGDAFDIW_CQQSYSTPWTF	0	0	0	0	1	0	0	0	0	0	0	0	0	0	0	0	0	0	0	0	0	0	0	0	0
CARDSEIFGSSWYSYFDYW_CQQYNSYSYTF	0	0	0	0	0	0	0	0	0	0	0	0	0	0	0	0	1	0	0	0	0	0	0	0	0
CARDSKQQLADNWFDPW_CQAWDSSTLVVF	0	0	0	0	1	0	0	0	0	0	0	0	0	0	0	0	0	0	0	0	0	0	0	0	0
CARDSPGWGSSGFYYGMDVW_CQQYGSSPRYTF	0	0	0	0	1	0	0	0	0	0	0	0	0	0	0	0	0	0	0	0	0	0	0	0	0
CARDSPSSGSYGLFDYW_CQTWGTGIRRVF	0	0	0	0	1	0	0	0	0	0	0	0	0	0	0	0	0	0	0	0	0	0	0	0	0
CARDSRLGGVDPW_CSSYTSSSTRVF	0	0	0	0	0	0	0	0	0	0	0	0	0	0	0	0	0	0	0	0	1	0	0	0	0
CARDSSSPATRHFDYW_CMQATQFPYTF	0	0	0	0	0	0	0	0	0	0	0	0	0	0	0	0	1	0	0	0	0	0	0	0	0
CARDSTYYYDSSGYPVSDAFDIW_CQQSYSTRRYTF	0	0	0	0	1	0	0	0	0	0	0	0	0	0	0	0	0	0	0	0	0	0	0	0	0
CARDSYDFWSGYTPPNYYYYYGMDVW_CQQRSNWYTF	0	0	0	0	0	0	0	0	0	0	0	0	0	0	0	0	1	0	0	0	0	0	0	0	0
CARDTMGPLYYGMDVW_CQVWDSSTVVF	0	0	0	0	1	0	0	0	0	0	0	0	0	0	0	0	0	0	0	0	0	0	0	0	0
CARDTMWWSYGMDVW_CCSYAGSGEVF	0	0	0	0	1	0	0	0	0	0	0	0	0	0	0	0	0	0	0	0	0	0	0	0	0
CARDTTYGDYYYGMDVW_CQSADSSGNWVF	0	0	0	0	1	0	0	0	0	0	0	0	0	0	0	0	0	0	0	0	0	0	0	0	0
CARDVCRGHYGDCLWGYW_CQQYYSYPITF	0	0	0	0	1	0	0	0	0	0	0	0	0	0	0	0	0	0	0	0	0	0	0	0	0
CARDVRGYYYDSSGYSGEGYWW_CQQSYSTPYTF	0	0	0	0	1	0	0	0	0	0	0	0	0	0	0	0	0	0	0	0	0	0	0	0	0
CARDVSDGYNYEAWVDYW_CQQSYSTLWTF	0	0	0	0	1	0	0	0	0	0	0	0	0	0	0	0	0	0	0	0	0	0	0	0	0
CARDVSNVLVIAVSPSWFDPW_CQQTYSIPYTF	0	0	0	0	1	0	0	0	0	0	0	0	0	0	0	0	0	0	0	0	0	0	0	0	0
CARDVVQLWYQIDYW_CQQSYSTPPNTF	0	0	0	0	1	0	0	0	0	0	0	0	0	0	0	0	0	0	0	0	0	0	0	0	0
CARDWGYYDSSGYSPRGYYYYYGMDVW_CQQLNSYSFTF	0	0	0	0	1	0	0	0	0	0	0	0	0	0	0	0	0	0	0	0	0	0	0	0	0
CARDWVRGVNDMDVW_CSSYTSSSTRVF	0	0	0	0	0	0	0	0	0	0	0	0	0	0	0	0	0	0	0	0	1	0	0	0	0
CARDWWERQDSKRPDYFDSW_CQQTNSFPITF	0	0	0	0	1	0	0	0	0	0	0	0	0	0	0	0	0	0	0	0	0	0	0	0	0
CARDYIAVAGPGENWFDPW_CQQSYSTRTF	0	0	0	0	1	0	0	0	0	0	0	0	0	0	0	0	0	0	0	0	0	0	0	0	0
CARDYVAVAGTLDYW_CQQYYSTPYTF	0	0	0	0	1	0	0	0	0	0	0	0	0	0	0	0	0	0	0	0	0	0	0	0	0
CARDYYGSRSDSGMDVW_CQQSYTTPYTL	0	0	0	0	1	0	0	0	0	0	0	0	0	0	0	0	0	0	0	0	0	0	0	0	0
CAREASEGPW_CQSYDSSNSWVF	0	0	0	0	1	0	0	0	0	0	0	0	0	0	0	0	0	0	0	0	0	0	0	0	0
CAREAYDSSAYSTIDYW_CQTWGTGIHVF	0	0	0	0	1	0	0	0	0	0	0	0	0	0	0	0	0	0	0	0	0	0	0	0	0
CAREAYYYGMDVW_CNSRDSSGNHNYVF	0	0	0	0	1	0	0	0	0	0	0	0	0	0	0	0	0	0	0	0	0	0	0	0	0
CAREDLLWFGERWAKNSFDPW_CMQALQTPITF	0	0	0	0	1	0	0	0	0	0	0	0	0	0	0	0	0	0	0	0	0	0	0	0	0
CAREDSGSYGYFDYW_CQQYNNWPQTF	0	0	0	0	1	0	0	0	0	0	0	0	0	0	0	0	0	0	0	0	0	0	0	0	0
CAREDSSGWLEFPNWFDPW_CCSYAGSSTYVF	0	0	0	0	0	0	0	0	0	0	0	0	0	0	0	0	1	0	0	0	0	0	0	0	0
CAREDYDTASFGYW_CQQYDNLPYTF	0	0	0	0	1	0	0	0	0	0	0	0	0	0	0	0	0	0	0	0	0	0	0	0	0
CAREEGYCSGGSCEYNYYYGMDVW_CQQYGSSLITF	0	0	0	0	1	0	0	0	0	0	0	0	0	0	0	0	0	0	0	0	0	0	0	0	0
CAREESSSWYRYW_CQQYGSSPLTF	0	0	0	0	1	0	0	0	0	0	0	0	0	0	0	0	0	0	0	0	0	0	0	0	0
CAREEYSSSWHPYYFDYW_CGTWDSSLSAYVF	0	0	0	0	0	0	0	0	0	0	0	0	0	0	0	0	0	0	1	0	0	0	0	0	0
CAREFKSFWSGYGDYYYGMDVW_CSSYTSSSTRVF	0	0	0	0	0	0	0	0	0	0	0	0	0	0	0	0	0	0	0	0	1	0	0	0	0
CAREGAAGPPPGHYYYYGMDVW_CMQALQTPFTF	0	0	0	0	1	0	0	0	0	0	0	0	0	0	0	0	0	0	0	0	0	0	0	0	0
CAREGEITMIVANDAFDIW_CQQSYSTPPTF	0	0	0	0	0	0	0	0	0	0	0	0	0	0	0	0	1	0	0	0	0	0	0	0	0
CAREGEQWLDGAFDYW_CQSADSSGTYKVF	0	0	0	0	0	0	0	0	0	0	0	0	0	0	0	0	1	0	0	0	0	0	0	0	0
CAREGFYYYGSGSVSGGNWFDPW_CQVWDSSTVVF	0	0	0	0	1	0	0	0	0	0	0	0	0	0	0	0	0	0	0	0	0	0	0	0	0
CAREGGGDILTTYYYYGMDVW_CQQYGSSTRALTF	0	0	0	0	1	0	0	0	0	0	0	0	0	0	0	0	0	0	0	0	0	0	0	0	0
CAREGLEIDAFDIW_CQQSYSTPWTF	0	0	0	0	1	0	0	0	0	0	0	0	0	0	0	0	0	0	0	0	0	0	0	0	0
CAREGPSRPAANYW_CSSYTSSSTEVF	0	0	0	0	0	0	0	0	0	0	0	0	0	0	0	0	0	0	0	0	1	0	0	0	0
CAREGPTVTKFDYW_CQSYDSSLSGSVF	0	0	0	0	1	0	0	0	0	0	0	0	0	0	0	0	0	0	0	0	0	0	0	0	0
CAREGREGGGFDYW_CAAWDDSLSGWVF	0	0	0	0	0	0	0	0	0	0	0	0	0	0	0	0	0	0	1	0	0	0	0	0	0
CAREGRPPRKPKNNWFDPW_CSSYAGSNNLVF	0	0	0	0	0	0	0	0	0	0	0	0	0	0	0	0	0	0	0	0	1	0	0	0	0
CAREGSRYFDYW_CQVWDSSSDHYVF	0	0	0	0	1	0	0	0	0	0	0	0	0	0	0	0	0	0	0	0	0	0	0	0	0
CAREGWGLGYCSSTSCYTGPFGYW_CQQYGSSPPYTF	0	0	0	0	0	0	0	0	0	0	0	0	0	0	0	0	1	0	0	0	0	0	0	0	0
CAREHTGGWLQRYIDYW_CQSADSSGTYPRVVF	0	0	0	0	1	0	0	0	0	0	0	0	0	0	0	0	0	0	0	0	0	0	0	0	0
CAREIEGDGVFEIW_CMIWHSSAWVV	0	0	0	0	1	0	0	0	0	0	0	0	0	0	0	0	0	0	0	0	0	0	0	0	0
CAREKWELPPPPYYFDYW_CCSYAGSYTVVF	0	0	0	0	1	0	0	0	0	0	0	0	0	0	0	0	0	0	0	0	0	0	0	0	0
CAREKWLRPQLDYW_CQQYGSSPKTF	0	0	0	0	1	0	0	0	0	0	0	0	0	0	0	0	0	0	0	0	0	0	0	0	0
CARELASHLGDYFDYW_CQQYYSTPPKTF	0	0	0	0	0	0	0	0	0	0	0	0	0	0	0	0	0	1	0	0	0	0	0	0	0
CARELLWFGEGINWFDPW_CAAWDDSLNGVVF	0	0	0	0	0	0	0	0	0	0	0	0	0	0	0	0	0	0	1	0	0	0	0	0	0
CARELTGDRDYW_CNSYTRSSTYVF	0	0	0	0	0	0	0	0	0	0	0	0	0	0	0	0	0	0	0	0	1	0	0	0	0
CARENYDFWSGYYHGADVW_CMIWHSSAWVF	0	0	0	0	1	0	0	0	0	0	0	0	0	0	0	0	0	0	0	0	0	0	0	0	0
CAREPADSSSLW_CQSYDSSNWVF	0	0	0	0	0	0	0	0	0	0	0	0	0	0	0	0	0	0	1	0	0	0	0	0	0
CAREPKHSGYCSSTSCYIGNWFDPW_CQSYDSSLSGNVVF	0	0	0	0	1	0	0	0	0	0	0	0	0	0	0	0	0	0	0	0	0	0	0	0	0
CAREPLGGDYYYYYYGMDVW_CQQYGSSPTF	0	0	0	0	1	0	0	0	0	0	0	0	0	0	0	0	0	0	0	0	0	0	0	0	0
CAREPPDLTMVRTKGVRWFDPW_CQQYYSNPLTF	0	0	0	0	0	0	0	0	0	0	0	0	0	0	0	0	0	1	0	0	0	0	0	0	0
CAREPPHGSGTDYNWFDPW_CQSYDSSLSAYVF	0	0	0	0	1	0	0	0	0	0	0	0	0	0	0	0	0	0	0	0	0	0	0	0	0
CAREPTPRYSGSYRGFNYFDYW_CQQYYSFPLTF	0	0	0	0	1	0	0	0	0	0	0	0	0	0	0	0	0	0	0	0	0	0	0	0	0
CAREQDFGGNPFDCW_CMQVLHIPRAF	0	0	0	0	1	0	0	0	0	0	0	0	0	0	0	0	0	0	0	0	0	0	0	0	0
CAREQLGGFDYW_CAAWDDSLSVVVF	0	0	0	0	0	0	0	0	0	0	0	0	0	0	0	0	0	0	1	0	0	0	0	0	0
CAREQQLVPYYYYGMDVW_CAAWDDSLNGWVF	0	0	0	0	0	0	0	0	0	0	0	0	0	0	0	0	0	0	1	0	0	0	0	0	0
CARERDYSPGRYYGMDVW_CGTWDSSLSAGVF	0	0	0	0	1	0	0	0	0	0	0	0	0	0	0	0	0	0	0	0	0	0	0	0	0
CARERGMYSSGWYNWFDPW_CQQYYSYPYTF	0	0	0	0	0	0	0	0	0	0	0	0	0	0	0	0	0	0	1	0	0	0	0	0	0
CARERNIVVVPAAETFDYW_CQQYNNWPPLTF	0	0	0	0	1	0	0	0	0	0	0	0	0	0	0	0	0	0	0	0	0	0	0	0	0
CARERPRGAAETW_CQAWDSSTWVF	0	0	0	0	1	0	0	0	0	0	0	0	0	0	0	0	0	0	0	0	0	0	0	0	0
CARERRGGGHYYDSSGYYLSDYW_CQQSYSTP	0	0	0	0	1	0	0	0	0	0	0	0	0	0	0	0	0	0	0	0	0	0	0	0	0
CARERYYYYGMDVW_CYSTDSSGNHGVF	0	0	0	0	1	0	0	0	0	0	0	0	0	0	0	0	0	0	0	0	0	0	0	0	0
CARESGYTNYYYYGMDVW_CQQYNSYPLTF	0	0	0	0	1	0	0	0	0	0	0	0	0	0	0	0	0	0	0	0	0	0	0	0	0
CARESPFGGQSVAVGGTPDYW_CCSYAGSGTFVF	0	0	0	0	0	0	0	0	0	0	0	0	0	0	0	0	1	0	0	0	0	0	0	0	0
CARESRPTVTTRTTSGMDVW_CLQHNSYPRTF	0	0	0	0	0	0	0	0	0	0	0	0	0	0	0	0	1	0	0	0	0	0	0	0	0
CARESSSWFPYW_CQQSYSTPFTF	0	0	0	0	1	0	0	0	0	0	0	0	0	0	0	0	0	0	0	0	0	0	0	0	0
CARETGYSSGWYEATGMDVW_CNSRDSSGNHLVF	0	0	0	0	1	0	0	0	0	0	0	0	0	0	0	0	0	0	0	0	0	0	0	0	0
CARETIAAAGSNFDYW_CQQSYSTPRTF	0	0	0	0	1	0	0	0	0	0	0	0	0	0	0	0	0	0	0	0	0	0	0	0	0
CARETKQYIDYRSPTVGRPYDYYYGMDVW_CLLFYGGAQLGVF	0	0	0	0	1	0	0	0	0	0	0	0	0	0	0	0	0	0	0	0	0	0	0	0	0
CARETTPVVTASTYYYYYGMDVW_CSSYTSSSTWVF	0	0	0	0	0	0	0	0	0	0	0	0	0	0	0	0	0	0	0	0	1	0	0	0	0
CARETVVTPQNAFDIW_CAAWDDSLNGYVF	0	0	0	0	0	0	0	0	0	0	0	0	0	0	0	0	0	1	0	0	0	0	0	0	0
CARETYYYDSSGYYGPHAFDIW_CLLSYSGARVF	0	0	0	0	0	0	0	0	0	0	0	0	0	0	0	0	1	0	0	0	0	0	0	0	0
CAREVNTAMAYYYYYYGMDVW_CQQYGSSQWTF	0	0	0	0	1	0	0	0	0	0	0	0	0	0	0	0	0	0	0	0	0	0	0	0	0
CAREVSRQSGSRPIKWFDPW_CQQSYSPPPLTF	0	0	0	0	1	0	0	0	0	0	0	0	0	0	0	0	0	0	0	0	0	0	0	0	0
CAREVVLMVHRRGGLNMDVW_CQQYYSTPLTF	1	0	0	0	0	0	0	0	0	0	0	0	0	0	0	0	0	0	0	0	0	0	0	0	0
CAREVYSSSTNWFDPW_CQVWDSSTDVVF	0	0	0	0	1	0	0	0	0	0	0	0	0	0	0	0	0	0	0	0	0	0	0	0	0
CAREYSNNWYFFDYW_CQQYAGSPLTF	0	0	0	0	1	0	0	0	0	0	0	0	0	0	0	0	0	0	0	0	0	0	0	0	0
CARFGAKNYYDSW_CQQYNNWPGTF	0	0	0	0	1	0	0	0	0	0	0	0	0	0	0	0	0	0	0	0	0	0	0	0	0
CARFVPGGYDGFDIW_CASWDKNLNAFVF	0	0	0	0	0	0	0	0	0	0	0	0	0	0	0	0	0	0	1	0	0	0	0	0	0
CARGAAAGTLDAFDIW_CQQYYSTPLTF	0	0	0	0	0	0	0	0	0	0	0	0	0	0	0	0	0	1	0	0	0	0	0	0	0
CARGAAGVRGPIGYW_CAAWDDSLSGWVF	0	0	0	0	1	0	0	0	0	0	0	0	0	0	0	0	0	0	0	0	0	0	0	0	0
CARGAGRIGQVDVW_CQQYNNWHTF	0	0	0	0	1	0	0	0	0	0	0	0	0	0	0	0	0	0	0	0	0	0	0	0	0
CARGAHSSGYYIDYW_CQQYYSFPFTF	0	0	0	0	1	0	0	0	0	0	0	0	0	0	0	0	0	0	0	0	0	0	0	0	0
CARGASKGNQPALHYGMDVW_CQQSYSTPPAF	0	0	0	0	1	0	0	0	0	0	0	0	0	0	0	0	0	0	0	0	0	0	0	0	0
CARGDYDYVWGSSPDAFDIW_CMQGTHWPLTF	0	0	0	0	1	0	0	0	0	0	0	0	0	0	0	0	0	0	0	0	0	0	0	0	0
CARGEDYYGSGSYYGMDVW_CQAWDSNTVIF	0	0	0	0	0	0	0	0	0	0	0	0	0	0	0	0	0	0	1	0	0	0	0	0	0
CARGETYYYDSSGYYWGYYFDYW_CQQYNSYPLTF	0	0	0	0	0	0	0	0	0	0	0	0	0	0	0	0	1	0	0	0	0	0	0	0	0
CARGEYGDYAFDYW_CAAWDDSLNGYVF	0	0	0	0	0	0	0	0	0	0	0	0	0	0	0	0	0	1	0	0	0	0	0	0	0
CARGFGGGDYRSMDVW_CQQLITYPITF	0	0	0	0	1	0	0	0	0	0	0	0	0	0	0	0	0	0	0	0	0	0	0	0	0
CARGFIGYNFDSW_CQQSYRTPITF	0	0	0	0	1	0	0	0	0	0	0	0	0	0	0	0	0	0	0	0	0	0	0	0	0
CARGFSETGPGYKRFYYYFDLW_CQQYGSSPQTF	0	0	0	0	1	0	0	0	0	0	0	0	0	0	0	0	0	0	0	0	0	0	0	0	0
CARGFYYGSGSPLSGMDVW_CQQSYSTPRTF	0	0	0	0	1	0	0	0	0	0	0	0	0	0	0	0	0	0	0	0	0	0	0	0	0
CARGGAAVTTYYYYFYGMDAW_CCSYSSTNTLYVF	0	0	0	0	0	0	0	0	0	0	0	0	0	0	0	0	0	0	0	0	1	0	0	0	0
CARGGAVLRYFDWEPQGPLEDNWFDPW_CQQRSNTWTF	0	0	0	0	0	0	0	0	0	0	0	0	0	0	0	0	1	0	0	0	0	0	0	0	0
CARGGDGYNYHPYW_CQKYNSAPTF	0	0	0	0	0	0	0	0	0	0	0	0	0	0	0	0	0	0	1	0	0	0	0	0	0
CARGGDPTWFDPW_CCSYAGSSIVVF	0	0	0	0	0	0	0	0	0	0	0	0	0	0	0	0	0	1	0	0	0	0	0	0	0
CARGGDYYYGMDVW_CQQYNNWPLTF	0	0	0	0	1	0	0	0	0	0	0	0	0	0	0	0	0	0	0	0	0	0	0	0	0
CARGGFITMIGYGMDVW_CQQYDNLPFTF	0	0	0	0	0	0	0	0	0	0	0	0	0	0	0	0	0	0	1	0	0	0	0	0	0
CARGGGAVAGTIDFHYW_CCSYAGTDLWLF	0	0	0	0	1	0	0	0	0	0	0	0	0	0	0	0	0	0	0	0	0	0	0	0	0
CARGGGYSSGWATREVVYW_CQSYDSSLGAVF	0	0	0	0	1	0	0	0	0	0	0	0	0	0	0	0	0	0	0	0	0	0	0	0	0
CARGGHLWSEEVMNRFYYYLGMDVW_CGAWDGSLNGYVF	0	0	0	0	0	0	0	0	0	0	0	0	0	0	0	0	0	0	1	0	0	0	0	0	0
CARGGILTGKLSDYW_CQQYDNLPTF	0	0	0	0	1	0	0	0	0	0	0	0	0	0	0	0	0	0	0	0	0	0	0	0	0
CARGGINGGAYFDYW_CQQYGSSPWTF	0	0	0	0	1	0	0	0	0	0	0	0	0	0	0	0	0	0	0	0	0	0	0	0	0
CARGGLPLGYCSGGSCSRRYYGMDVW_CSSYTSSSTLVVF	0	0	0	0	0	0	0	0	0	0	0	0	0	0	0	0	0	0	0	0	1	0	0	0	0
CARGGLYSSSWSVHSTFQHW_CQQYGSSPRTF	0	0	0	0	0	0	0	0	0	0	0	0	0	0	0	0	0	1	0	0	0	0	0	0	0
CARGGPYPINSGYYYEVDYW_CAAWDDSLNGRYVF	0	0	0	0	0	0	0	0	0	0	0	0	0	0	0	0	0	0	1	0	0	0	0	0	0
CARGGRVSVAVYWDYYYYGMDVW_CQKYNSAPFTF	0	0	0	0	1	0	0	0	0	0	0	0	0	0	0	0	0	0	0	0	0	0	0	0	0
CARGGRVWSQATPTKNWFDPW_CQQYNNWPPWTF	0	0	0	0	0	0	0	0	0	0	0	0	0	0	0	0	0	1	0	0	0	0	0	0	0
CARGGRYCSGGSCYNWFDPW_CLQDYNYPWTF	0	0	0	0	0	0	0	0	0	0	0	0	0	0	0	0	0	1	0	0	0	0	0	0	0
CARGGSLPLITMIVGFFW_CQQYGSSPEYTF	0	0	0	0	1	0	0	0	0	0	0	0	0	0	0	0	0	0	0	0	0	0	0	0	0
CARGGTAGYSYGYAYW_CQAWDSSTAVVF	0	0	0	0	1	0	0	0	0	0	0	0	0	0	0	0	0	0	0	0	0	0	0	0	0
CARGGWWELPYYYYYGMDVW_CMQALQTRNTF	0	0	0	0	1	0	0	0	0	0	0	0	0	0	0	0	0	0	0	0	0	0	0	0	0
CARGGYSGYESDYW_CSSYTSSSTRVF	0	0	0	0	0	0	0	0	0	0	0	0	0	0	0	0	0	0	0	0	1	0	0	0	0
CARGIAVVTLWGPFDIW_CQQYNNWPRTF	0	0	0	0	1	0	0	0	0	0	0	0	0	0	0	0	0	0	0	0	0	0	0	0	0
CARGINYCSGGSCYYYYYYGMDVW_CSSYTSSSTLEGVF	0	0	0	0	0	0	0	0	0	0	0	0	0	0	0	0	0	0	0	0	1	0	0	0	0
CARGIQLWWWFDPW_CQQSYSTPCTF	0	0	0	0	1	0	0	0	0	0	0	0	0	0	0	0	0	0	0	0	0	0	0	0	0
CARGKGEGRYYYDSSGYYYFDYW_CQQRSNWPPLTF	0	0	0	0	1	0	0	0	0	0	0	0	0	0	0	0	0	0	0	0	0	0	0	0	0
CARGKNWFDPW_CQQYGSSPLTF	0	0	0	0	1	0	0	0	0	0	0	0	0	0	0	0	0	0	0	0	0	0	0	0	0
CARGKPRSLELWSFYYYYGMDVW_CQQSYSTPPTF	0	0	0	0	1	0	0	0	0	0	0	0	0	0	0	0	0	0	0	0	0	0	0	0	0
CARGLHYYDSSGRSLYYFDYW_CQQYGSSPPGQTF	0	0	0	0	1	0	0	0	0	0	0	0	0	0	0	0	0	0	0	0	0	0	0	0	0
CARGLPVDVW_CGTWDSSLSAGHVVF	0	0	0	0	1	0	0	0	0	0	0	0	0	0	0	0	0	0	0	0	0	0	0	0	0
CARGMGSSSWYPNTKLVNWFDPW_CQQYYSTPPTF	0	0	0	0	0	0	0	0	0	0	0	0	0	0	0	0	0	1	0	0	0	0	0	0	0
CARGMIVVVMRYGMDVW_CSSYTSSSPVVF	0	0	0	0	0	0	0	0	0	0	0	0	0	0	0	0	0	0	0	0	1	0	0	0	0
CARGNDAFDIW_CQQYNSYSGTF	0	0	0	0	0	0	0	0	0	0	0	0	0	0	0	0	1	0	0	0	0	0	0	0	0
CARGNDYYGSGEFDYW_CSSYTSSSTLVF	0	0	0	0	1	0	0	0	0	0	0	0	0	0	0	0	0	0	0	0	0	0	0	0	0
CARGNTRLRGYSYGLQMARGGYGMDVW_CQQYGSSPGTF	0	0	0	0	0	0	0	0	0	0	0	0	0	0	0	0	0	1	0	0	0	0	0	0	0
CARGPDGGAFDIW_CQRGLTF	0	0	0	0	1	0	0	0	0	0	0	0	0	0	0	0	0	0	0	0	0	0	0	0	0
CARGPDRFSGSYDNWFDPW_CQHTRAF	0	0	0	0	0	0	0	0	0	0	0	0	0	0	0	0	1	0	0	0	0	0	0	0	0
CARGPGIYGDYGGGRPGYFDYW_CQQYYSTPPITF	0	0	0	0	0	0	0	0	0	0	0	0	0	0	0	0	0	1	0	0	0	0	0	0	0
CARGPGYCSGGSCYGMFDYW_CQSADSSGTYVVF	0	0	0	0	0	0	0	0	0	0	0	0	0	0	0	0	1	0	0	0	0	0	0	0	0
CARGPGYFDYW_CQQYDNLPRTF	0	0	0	0	1	0	0	0	0	0	0	0	0	0	0	0	0	0	0	0	0	0	0	0	0
CARGPIVVVIAASPYYYYGMDVW_CQQRSNWPPGCTF	0	0	0	0	0	0	0	0	0	0	0	0	0	0	0	0	1	0	0	0	0	0	0	0	0
CARGPMTTVATPRTQYFQFW_CQQYYSTPWTF	0	0	0	0	0	0	0	0	0	0	0	0	0	0	0	0	0	1	0	0	0	0	0	0	0
CARGPNDAFDVW_CQQYARSPPWTF	0	0	0	0	0	0	0	0	0	0	0	0	0	0	0	0	0	0	1	0	0	0	0	0	0
CARGPPYGHLGYW_CQQYNNWPPITF	0	0	0	0	1	0	0	0	0	0	0	0	0	0	0	0	0	0	0	0	0	0	0	0	0
CARGPSRSYNVYYFDYW_CQQYYSTGTF	0	0	0	0	0	0	0	0	0	0	0	0	0	0	0	0	0	1	0	0	0	0	0	0	0
CARGPVYYYGSGSYYYFDYW_CLQDYNYPFTF	0	0	0	0	0	0	0	0	0	0	0	0	0	0	0	0	0	1	0	0	0	0	0	0	0
CARGPYDILTGSIYYYGMDVW_CSSYTSSSTLIF	0	0	0	0	0	0	0	0	0	0	0	0	0	0	0	0	0	0	0	0	1	0	0	0	0
CARGPYYGSGSGEFDPW_CQQYYSYPLTF	0	0	0	0	1	0	0	0	0	0	0	0	0	0	0	0	0	0	0	0	0	0	0	0	0
CARGQGRTTSDYW_CSSYTSSSTLVVF	0	0	0	0	0	0	0	0	0	0	0	0	0	0	0	0	0	0	0	0	1	0	0	0	0
CARGQIGGWSPYYYYGLDVW_CQQGYTNPFTF	0	0	0	0	1	0	0	0	0	0	0	0	0	0	0	0	0	0	0	0	0	0	0	0	0
CARGRGAAAGTSILNYW_CQQYYSTPLGF	0	0	0	0	0	0	0	0	0	0	0	0	0	0	0	0	0	1	0	0	0	0	0	0	0
CARGRGARYDYGYGLVPNYFDYW_CQQHSSSPPTF	0	0	0	0	0	0	0	0	0	0	0	0	0	0	0	0	0	1	0	0	0	0	0	0	0
CARGRGRYYDSSGEW_CQQYNSYPYTF	0	0	0	0	0	0	0	0	0	0	0	0	0	0	0	0	1	0	0	0	0	0	0	0	0
CARGRGSYFDYW_CQQYGSSLWTF	0	0	0	0	1	0	0	0	0	0	0	0	0	0	0	0	0	0	0	0	0	0	0	0	0
CARGRGYYGSGSYFSFSYYYGMDVW_CAAWDDSLNGQVF	0	0	0	0	0	0	0	0	0	0	0	0	0	0	0	0	0	1	0	0	0	0	0	0	0
CARGRLGGYSLPGFDYW_CNSRDSSGNHVVF	0	0	0	0	0	0	0	0	0	0	0	0	0	0	0	0	0	0	0	1	0	0	0	0	0
CARGRMTVHNDDSGFPEYLYYYGLDVW_CMQVMDNPRTL	0	0	0	0	1	0	0	0	0	0	0	0	0	0	0	0	0	0	0	0	0	0	0	0	0
CARGRNGGNRFDWFDPW_CQSYDSSLSGSGVF	0	0	0	0	1	0	0	0	0	0	0	0	0	0	0	0	0	0	0	0	0	0	0	0	0
CARGRNLGVVTKFNWFDPW_CAAWDDSLNGLVF	0	0	0	0	1	0	0	0	0	0	0	0	0	0	0	0	0	0	0	0	0	0	0	0	0
CARGRPYYYDSSGYPYDAFDIW_CMQALQTPLTF	0	0	0	0	1	0	0	0	0	0	0	0	0	0	0	0	0	0	0	0	0	0	0	0	0
CARGRRVFLALSYW_CQQYGSSPHTF	0	0	0	0	1	0	0	0	0	0	0	0	0	0	0	0	0	0	0	0	0	0	0	0	0
CARGRSSGYYPHFDYW_CNSRDSSGNHYVF	0	0	0	0	0	0	0	0	0	0	0	0	0	0	0	0	0	1	0	0	0	0	0	0	0
CARGRSSWHLDYW_CMQALQTPFTF	0	0	0	0	1	0	0	0	0	0	0	0	0	0	0	0	0	0	0	0	0	0	0	0	0
CARGRVRWELLGDDAFDIW_CQQYDNLPLTF	0	0	0	0	1	0	0	0	0	0	0	0	0	0	0	0	0	0	0	0	0	0	0	0	0
CARGRVYGDYVFWFDPW_CQQSYSTPLTF	0	0	0	0	0	0	0	0	0	0	0	0	0	0	0	0	0	1	0	0	0	0	0	0	0
CARGSCYSSACYYYYGMDVW_CGTWDSSLSAVVF	0	0	0	0	1	0	0	0	0	0	0	0	0	0	0	0	0	0	0	0	0	0	0	0	0
CARGSGYYVGSYFDYW_CNSRDSSGNHPPVVF	0	0	0	0	0	0	0	0	0	0	0	0	0	0	0	0	0	1	0	0	0	0	0	0	0
CARGSISSQRWFGPW_CQQYNYYYTF	0	0	0	0	0	0	0	0	0	0	0	0	0	0	0	0	1	0	0	0	0	0	0	0	0
CARGSPYCSGGSCYLNWFDPW_CQQYYSYPRTF	0	0	0	0	0	0	0	0	0	0	0	0	0	0	0	0	0	1	0	0	0	0	0	0	0
CARGSRLLLWFGELKVGPGFDPW_CQQYNSYWTF	0	0	0	0	1	0	0	0	0	0	0	0	0	0	0	0	0	0	0	0	0	0	0	0	0
CARGSRYSYGDPCFDYW_CSSYTSSSTPVVVF	0	0	0	0	0	0	0	0	0	0	0	0	0	0	0	0	0	0	0	0	1	0	0	0	0
CARGTIAVAGKRYYYFDYW_CQVWDSSSDHHVVF	0	0	0	0	0	0	0	0	0	0	0	0	0	0	0	0	0	1	0	0	0	0	0	0	0
CARGTMVRGHYYYYGMDVW_CQQSYSTPLTF	0	0	0	0	1	0	0	0	0	0	0	0	0	0	0	0	0	0	0	0	0	0	0	0	0
CARGTPGWYW_CQQYGSSPTF	0	0	1	0	0	0	0	0	0	0	0	0	0	0	0	0	0	0	0	0	0	0	0	0	0
CARGTRGRSSGYYSNW_CQQYNNWPPYTF	0	0	0	0	0	0	0	0	0	0	0	0	0	0	0	0	0	2	0	0	0	0	0	0	0
CARGTRRDGYNLIYW_CQQYDNPPLTF	0	0	0	0	0	0	0	0	0	0	0	0	0	0	0	0	1	0	0	0	0	0	0	0	0
CARGTVTTGRGYFDLW_CQQYGSSPQVTF	0	0	0	0	1	0	0	0	0	0	0	0	0	0	0	0	0	0	0	0	0	0	0	0	0
CARGTVYSVPGGHYGDYVRDPKYYYYGMDVW_CQSADSSGTWVF	0	0	0	0	1	0	0	0	0	0	0	0	0	0	0	0	0	0	0	0	0	0	0	0	0
CARGVGATDFDYW_CQSYDSSLSGVVF	0	0	0	0	1	0	0	0	0	0	0	0	0	0	0	0	0	0	0	0	0	0	0	0	0
CARGVGGCSSTSCYTRGYYGMDVW_CQQANSFLTF	0	0	0	0	0	0	0	0	0	0	0	0	0	0	0	0	0	1	0	0	0	0	0	0	0
CARGVLRFLEWLSNMDYYYYGMDVW_CMQALQTPRALTF	0	0	0	0	1	0	0	0	0	0	0	0	0	0	0	0	0	0	0	0	0	0	0	0	0
CARGVRVAPIDYW_CAAWDDSLWVF	0	0	0	0	0	0	0	0	0	0	0	0	0	0	0	0	0	1	0	0	0	0	0	0	0
CARGVTIFGVVIMGGMDVW_CQQSYSTPYTF	0	0	0	0	1	0	0	0	0	0	0	0	0	0	0	0	0	0	0	0	0	0	0	0	0
CARGVVGHPHLIDFW_CQQYYHMGTF	0	0	0	0	0	0	0	0	0	0	0	0	0	0	0	0	0	1	0	0	0	0	0	0	0
CARGWSGYSSSLHPYYFDYW_CCSYAGSSTTLVF	0	0	0	0	0	0	0	0	0	0	0	0	0	0	0	0	1	0	0	0	0	0	0	0	0
CARGWSIVVVVAATFPNWFDPW_CQQRSNWPPTF	0	0	0	0	1	0	0	0	0	0	0	0	0	0	0	0	0	0	0	0	0	0	0	0	0
CARGYATALSRTDYW_CSSYTSSSTLVVF	0	0	0	0	1	0	0	0	0	0	0	0	0	0	0	0	0	0	0	0	0	0	0	0	0
CARGYCDSTSCYAVGYFDLW_CQTWGTGIVVF	0	0	0	0	1	0	0	0	0	0	0	0	0	0	0	0	0	0	0	0	0	0	0	0	0
CARGYDFWSGYLPHYGMDVW_CQVWDSSSDHPGVF	0	0	0	0	1	0	0	0	0	0	0	0	0	0	0	0	0	0	0	0	0	0	0	0	0
CARGYGSGNYYYYGMDVW_CMQALQTPWTF	0	0	0	0	1	0	0	0	0	0	0	0	0	0	0	0	0	0	0	0	0	0	0	0	0
CARGYSYGPFDYW_CSSYTSSSTLVVF	0	0	0	0	0	0	0	0	0	0	0	0	0	0	0	0	0	0	0	0	1	0	0	0	0
CARGYSYGYLDWFDPW_CQSYDSSLSGVVF	0	0	0	0	1	0	0	0	0	0	0	0	0	0	0	0	0	0	0	0	0	0	0	0	0
CARGYYDSSGQSLDYYYYGMDVW_CQQYYSYPFTF	0	0	0	0	1	0	0	0	0	0	0	0	0	0	0	0	0	0	0	0	0	0	0	0	0
CARHAGSGSYYFWFDPW_CQQYGSSPYTF	0	0	0	0	1	0	0	0	0	0	0	0	0	0	0	0	0	0	0	0	0	0	0	0	0
CARHEKGIAAAVYYFDYW_CQQRSNWPLTF	0	0	0	0	0	0	0	0	0	0	0	0	0	0	0	0	1	0	0	0	0	0	0	0	0
CARHEKMNYYDILTGYSPPYYYYYGMDVW_CQSYDSSLSAYVVF	0	0	0	0	1	0	0	0	0	0	0	0	0	0	0	0	0	0	0	0	0	0	0	0	0
CARHEVPEMATIRGWFDPW_CQQYGSSLFTF	0	0	0	0	1	0	0	0	0	0	0	0	0	0	0	0	0	0	0	0	0	0	0	0	0
CARHGGDCGLDCYSNWFDPW_CQHWTF	0	0	0	0	0	0	0	0	0	0	0	0	0	0	0	0	0	0	1	0	0	0	0	0	0
CARHGINYYDSSGYSGNDAFDIW_CQQYDNLFTF	0	0	0	0	0	0	0	0	0	0	0	0	0	0	0	0	0	0	0	0	0	0	1	0	0
CARHGSYLGYFQHW_CSSYTSSSTVVF	0	0	0	0	0	0	0	0	0	0	0	0	0	0	0	0	0	0	0	0	1	0	0	0	0
CARHIERYCSGGSCYEALDYW_CMQALHPITF	0	0	0	0	1	0	0	0	0	0	0	0	0	0	0	0	0	0	0	0	0	0	0	0	0
CARHIMVRGVPPNFDYW_CAAWDDSLNGPVF	0	0	0	0	0	0	0	0	0	0	0	0	0	0	0	0	0	0	1	0	0	0	0	0	0
CARHIRGNRFGNDAFDIW_CQQYYSFPYTF	0	0	0	0	1	0	0	0	0	0	0	0	0	0	0	0	0	0	0	0	0	0	0	0	0
CARHNTITLRYFDWTKLGYFDLW_CAAWDDSLNGVVF	0	0	0	0	0	0	0	0	0	0	0	0	0	0	0	0	0	0	1	0	0	0	0	0	0
CARHPFRVFGGWRDYW_CSSYTSSSTLWVF	0	0	0	0	0	0	0	0	0	0	0	0	0	0	0	0	0	0	0	0	1	0	0	0	0
CARHPTPAAMVGYYYYGMDVW_CQQANSFPLTF	0	0	0	0	1	0	0	0	0	0	0	0	0	0	0	0	0	0	0	0	0	0	0	0	0
CARHSEGLGPVDYW_CGTWDSSLSAWVF	0	0	0	0	1	0	0	0	0	0	0	0	0	0	0	0	0	0	0	0	0	0	0	0	0
CARHSNDGSDYFDYW_CQESYGALLTYTF	0	0	0	0	1	0	0	0	0	0	0	0	0	0	0	0	0	0	0	0	0	0	0	0	0
CARHSPPRLWFGAFNYYYGMDVW_CSSYTGSSTLVF	0	0	0	0	0	0	0	0	0	0	0	0	0	0	0	0	0	0	0	0	1	0	0	0	0
CARHSYGAYYYYGMDVW_CQQYGGSPLFTF	0	0	0	0	1	0	0	0	0	0	0	0	0	0	0	0	0	0	0	0	0	0	0	0	0
CARHYDFWSGDNPYWYYYYGMDVW_CQQYGSSPPWTF	0	0	0	0	1	0	0	0	0	0	0	0	0	0	0	0	0	0	0	0	0	0	0	0	0
CARHYVDTAMVINQYYFDYW_CQSYDSSLSDVF	0	0	0	0	1	0	0	0	0	0	0	0	0	0	0	0	0	0	0	0	0	0	0	0	0
CARIGFGEYDYGMDVW_CQSYDSSLSVVF	0	0	0	0	1	0	0	0	0	0	0	0	0	0	0	0	0	0	0	0	0	0	0	0	0
CARILEIVDPSGSYQYYFDYW_CGTWDSSLSAVVF	0	0	0	0	0	0	0	0	0	0	0	0	0	0	0	0	0	0	1	0	0	0	0	0	0
CARILSDYYDSIGAFDYW_CSSYTSSSTPVVF	0	0	0	0	0	0	0	0	0	0	0	0	0	0	0	0	0	0	0	0	1	0	0	0	0
CARINQHGSGTYSPDYYYYGIDVW_CMQALQTPMYTF	0	0	0	0	1	0	0	0	0	0	0	0	0	0	0	0	0	0	0	0	0	0	0	0	0
CARIPMTTVTSYGMDVW_CQQYGSSSITF	0	0	0	0	1	0	0	0	0	0	0	0	0	0	0	0	0	0	0	0	0	0	0	0	0
CARITMIGGAFDIW_CQQYYSTPSITF	0	0	0	0	0	0	0	0	0	0	0	0	0	0	0	0	0	1	0	0	0	0	0	0	0
CARIVQGGSYLSGGIDYW_CMQSIQLLFTF	0	0	0	0	1	0	0	0	0	0	0	0	0	0	0	0	0	0	0	0	0	0	0	0	0
CARIVVVVTSRWFDPW_CQVWDSSSDHYVF	0	0	0	0	1	0	0	0	0	0	0	0	0	0	0	0	0	0	0	0	0	0	0	0	0
CARIWAVAADHSFDYW_CQQYNNWPPWTF	0	0	0	0	0	0	0	0	0	0	0	0	0	0	0	0	1	0	0	0	0	0	0	0	0
CARKARQWEVAIDSW_CHQYYTTPLF	0	0	0	0	0	0	0	0	0	0	0	0	0	0	0	0	0	1	0	0	0	0	0	0	0
CARKDSSGSDAFDLW_CQQSYSTPYTF	0	0	0	0	1	0	0	0	0	0	0	0	0	0	0	0	0	0	0	0	0	0	0	0	0
CARKFDCW_CQQYGTSLPVTF	0	0	0	0	1	0	0	0	0	0	0	0	0	0	0	0	0	0	0	0	0	0	0	0	0
CARKGIAVRGGIDYW_CLLYYGGAWVF	0	0	0	0	1	0	0	0	0	0	0	0	0	0	0	0	0	0	0	0	0	0	0	0	0
CARKGRWLPDGDDAFDIW_CQQYYSYPLTF	0	0	0	0	1	0	0	0	0	0	0	0	0	0	0	0	0	0	0	0	0	0	0	0	0
CARKSGPPQYRYFDYW_CQQSYSTPLHF	0	0	0	0	0	0	0	0	0	0	0	0	0	0	0	0	0	1	0	0	0	0	0	0	0
CARKSIAAAGLPYYYYYGMDVW_CMQALQTRFTF	0	0	0	0	1	0	0	0	0	0	0	0	0	0	0	0	0	0	0	0	0	0	0	0	0
CARKYQLPYYYGMDVW_CQQSYNTPDTF	0	0	0	0	1	0	0	0	0	0	0	0	0	0	0	0	0	0	0	0	0	0	0	0	0
CARLDYDFWSGTPERMDVW_CQQYGSSPPWTF	0	0	0	0	1	0	0	0	0	0	0	0	0	0	0	0	0	0	0	0	0	0	0	0	0
CARLDYYDSSGYYDW_CQTWGTGIPVF	0	0	0	0	1	0	0	0	0	0	0	0	0	0	0	0	0	0	0	0	0	0	0	0	0
CARLGGYDSTFDYW_CSSYTSSSTYVF	0	0	0	0	1	0	0	0	0	0	0	0	0	0	0	0	0	0	0	0	0	0	0	0	0
CARLGGYSSRGNWFDPW_CQQSYSTPPYTF	0	0	0	0	1	0	0	0	0	0	0	0	0	0	0	0	0	0	0	0	0	0	0	0	0
CARLGPYGSGSYSPVDYW_CQQYYSNPQAF	0	0	0	0	0	0	0	0	0	0	0	0	0	0	0	0	0	1	0	0	0	0	0	0	0
CARLGSSPYYW_CQSYDSSLSGYVF	0	0	0	0	1	0	0	0	0	0	0	0	0	0	0	0	0	0	0	0	0	0	0	0	0
CARLIKYSGSYEMVDYW_CAAWDDSLNGYYVF	0	0	0	0	0	0	0	0	0	0	0	0	0	0	0	0	0	0	1	0	0	0	0	0	0
CARLIYYGSGRFGAFDIW_CQQYDNLPWTF	0	0	0	0	1	0	0	0	0	0	0	0	0	0	0	0	0	0	0	0	0	0	0	0	0
CARLLVSAYNWFDPW_CQQSYSIPAF	0	0	0	0	1	0	0	0	0	0	0	0	0	0	0	0	0	0	0	0	0	0	0	0	0
CARLPTLRYGSGSYYNGALDYYYGMDVW_CMQALQTPLTF	0	0	0	0	1	0	0	0	0	0	0	0	0	0	0	0	0	0	0	0	0	0	0	0	0
CARLPYAGGPYYYYGMDVW_CMQRIEFPFTF	0	0	0	0	1	0	0	0	0	0	0	0	0	0	0	0	0	0	0	0	0	0	0	0	0
CARLPYRYSGSSNDAFDIW_CAAWDDSLSGPVF	0	0	0	0	1	0	0	0	0	0	0	0	0	0	0	0	0	0	0	0	0	0	0	0	0
CARLRRYSSGYYYIAGDFDYW_CQSYDSSLSGVVF	0	0	0	0	1	0	0	0	0	0	0	0	0	0	0	0	0	0	0	0	0	0	0	0	0
CARLSDGDYTFDYW_CQQYNSYWTF	0	0	0	0	1	0	0	0	0	0	0	0	0	0	0	0	0	0	0	0	0	0	0	0	0
CARLSLRARFRGAFDIW_CCSYAGSYSVVF	0	0	0	0	1	0	0	0	0	0	0	0	0	0	0	0	0	0	0	0	0	0	0	0	0
CARLSYSSSWYYFDYW_CQQSYSTLYTF	0	0	0	0	1	0	0	0	0	0	0	0	0	0	0	0	0	0	0	0	0	0	0	0	0
CARLWVFLTMVRGPDFDLW_CHQSSSLPLTF	0	0	0	0	1	0	0	0	0	0	0	0	0	0	0	0	0	0	0	0	0	0	0	0	0
CARLYGDYGDYW_CNSRDSSGNLFVVF	0	0	0	0	1	0	0	0	0	0	0	0	0	0	0	0	0	0	0	0	0	0	0	0	0
CARLYSSSWTNYFDYW_CQQYYSYPLTF	0	0	0	0	1	0	0	0	0	0	0	0	0	0	0	0	0	0	0	0	0	0	0	0	0
CARMLVVVAATGYYYYGMDVW_CQQYGSSQTF	0	0	0	0	1	0	0	0	0	0	0	0	0	0	0	0	0	0	0	0	0	0	0	0	0
CARMMGTYYGDHPTIVGYFDYW_CQQYNNWPLTF	0	0	0	0	0	0	0	0	0	0	0	0	0	0	0	0	0	0	1	0	0	0	0	0	0
CARNEITIPLDVW_CQQYGSSPLVTF	0	0	0	0	1	0	0	0	0	0	0	0	0	0	0	0	0	0	0	0	0	0	0	0	0
CARNHDYGDYMFGGMDVW_CQSADSSGTYVF	0	0	0	0	1	0	0	0	0	0	0	0	0	0	0	0	0	0	0	0	0	0	0	0	0
CARNKQHIVGATLHTHYSNWFDPW_NA	0	0	0	0	1	0	0	0	0	0	0	0	0	0	0	0	0	0	0	0	0	0	0	0	0
CARNMASGMDVW_CQQRSNWPLFLTF	0	0	0	0	0	0	0	0	0	0	0	0	0	0	0	0	1	0	0	0	0	0	0	0	0
CARNYDSSGYYVPPYFDYW_CQQYNNWPPYTF	0	0	0	0	1	0	0	0	0	0	0	0	0	0	0	0	0	0	0	0	0	0	0	0	0
CARNYYYDSSGSGFDYW_CQQANSFPPTF	0	0	0	0	0	0	0	0	0	0	0	0	0	0	0	0	0	0	1	0	0	0	0	0	0
CARPPSHDSPMYHYW_CQSADSSGLWVF	0	0	0	0	1	0	0	0	0	0	0	0	0	0	0	0	0	0	0	0	0	0	0	0	0
CARPRLDYGDYGAGLGYW_CQKYNSAPFTF	0	0	0	0	1	0	0	0	0	0	0	0	0	0	0	0	0	0	0	0	0	0	0	0	0
CARPYGDYAYFDYW_CQSYDSSLSGYVF	0	0	0	0	1	0	0	0	0	0	0	0	0	0	0	0	0	0	0	0	0	0	0	0	0
CARPYSSSWSPMDVW_CQSYDSSLSGHVVF	0	0	0	0	1	0	0	0	0	0	0	0	0	0	0	0	0	0	0	0	0	0	0	0	0
CARQDCSGGSCYLDYW_CQVWDSSSDHPVF	0	0	0	0	0	0	0	0	0	0	0	0	0	0	0	0	0	1	0	0	0	0	0	0	0
CARQIAAAGPENWFDPW_CQSADSSGTYLVF	0	0	0	0	1	0	0	0	0	0	0	0	0	0	0	0	0	0	0	0	0	0	0	0	0
CARQISILRLLVWFDPW_CSSYTSSRGVF	0	0	0	0	0	0	0	0	0	0	0	0	0	0	0	0	0	0	0	0	1	0	0	0	0
CARQNFDILTGYSIDYW_CAAWDDSLNGLYVF	0	0	0	0	0	0	0	0	0	0	0	0	0	0	0	0	0	0	2	0	0	0	0	0	0
CARQRGGTAVPVYYFDYW_CQQYGSSPLYTF	0	0	0	0	1	0	0	0	0	0	0	0	0	0	0	0	0	0	0	0	0	0	0	0	0
CARQVGANPFADYW_CAAWDDSLSGPVF	0	0	0	0	1	0	0	0	0	0	0	0	0	0	0	0	0	0	0	0	0	0	0	0	0
CARQVGVGKWYLEDW_CCSYASGDNLVF	0	0	0	0	0	0	0	0	0	0	0	0	0	0	0	0	0	0	1	0	0	0	0	0	0
CARQYVEWLREMDVW_CAAWDDRLNGWVF	0	0	0	0	0	0	0	0	0	0	0	0	0	0	0	0	0	0	1	0	0	0	0	0	0
CARRDCSGGSTQSLPQRHLTCYYGMDVW_CQQYYSTLYTF	0	0	0	0	0	0	0	0	0	0	0	0	0	0	0	0	0	1	0	0	0	0	0	0	0
CARRDGGYCSSTSCSFDYW_CQQYNSYSPTF	0	0	0	0	1	0	0	0	0	0	0	0	0	0	0	0	0	0	0	0	0	0	0	0	0
CARREGAGYDILTGSYYYYYGMDVW_CLLYYGGAQLGVF	0	0	0	0	1	0	0	0	0	0	0	0	0	0	0	0	0	0	0	0	0	0	0	0	0
CARRGNAIFGVVTHYYYYGMDVW_CMQALQTPLFTF	0	0	0	0	1	0	0	0	0	0	0	0	0	0	0	0	0	0	0	0	0	0	0	0	0
CARRGYYYDSSGYYYDWFDPW_CNSRDSSGNRVVF	0	0	0	0	1	0	0	0	0	0	0	0	0	0	0	0	0	0	0	0	0	0	0	0	0
CARRIAVAATVTGAMDVW_CTSYTSSSTLVF	0	0	0	0	0	0	0	0	0	0	0	0	0	0	0	0	0	0	0	0	1	0	0	0	0
CARRLAYNGNWDYGDFDYW_CCSYSKTATF	0	0	0	0	1	0	0	0	0	0	0	0	0	0	0	0	0	0	0	0	0	0	0	0	0
CARRLFLYSSSGYYFDSW_CQQASSFPPLSF	0	0	0	0	1	0	0	0	0	0	0	0	0	0	0	0	0	0	0	0	0	0	0	0	0
CARRLITMIEGGAFDIW_CQVWDSSSDHVVF	0	0	0	0	1	0	0	0	0	0	0	0	0	0	0	0	0	0	0	0	0	0	0	0	0
CARRRITMNDYFDYW_CQSYDSSLSGVVF	0	0	0	0	1	0	0	0	0	0	0	0	0	0	0	0	0	0	0	0	0	0	0	0	0
CARRRYYGGNSNKGWYFDLW_CQQRSNWRTF	0	0	0	0	0	0	0	0	0	0	0	0	0	0	0	0	1	0	0	0	0	0	0	0	0
CARRVLYYRFDPW_CNSRDSSGNHLF	0	0	0	0	1	0	0	0	0	0	0	0	0	0	0	0	0	0	0	0	0	0	0	0	0
CARRYSYGYKRLSGWIWYFDLW_CAAWDDSLNGYVF	0	0	0	0	0	0	0	0	0	0	0	0	0	0	0	0	0	1	0	0	0	0	0	0	0
CARRYYDSSGYSANFDYW_CQTWGTGIYVF	0	0	0	0	1	0	0	0	0	0	0	0	0	0	0	0	0	0	0	0	0	0	0	0	0
CARSAGSSGSFEYFQHW_CQQYGSSPLYTF	0	0	0	0	1	0	0	0	0	0	0	0	0	0	0	0	0	0	0	0	0	0	0	0	0
CARSAWHPAATGGMDVW_CLQDYNYPYTF	0	0	0	0	1	0	0	0	0	0	0	0	0	0	0	0	0	0	0	0	0	0	0	0	0
CARSDDNGDYVFNYW_CQQYYSTPPTF	0	0	0	0	0	0	0	0	0	0	0	0	0	0	0	0	0	1	0	0	0	0	0	0	0
CARSGQWLEGWFDPW_CQQYNSYSPTF	0	0	0	0	0	0	0	0	0	0	0	0	0	0	0	0	0	0	1	0	0	0	0	0	0
CARSGTTYYDILTGYYNYW_CQQYGSSRWTF	0	0	0	0	1	0	0	0	0	0	0	0	0	0	0	0	0	0	0	0	0	0	0	0	0
CARSGYDSSWVGYDFDYW_CQAWDSSTPVF	0	0	0	0	1	0	0	0	0	0	0	0	0	0	0	0	0	0	0	0	0	0	0	0	0
CARSHCSSTSCYPNYYYGMDVW_CQQSYSTPRTF	0	0	0	0	1	0	0	0	0	0	0	0	0	0	0	0	0	0	0	0	0	0	0	0	0
CARSIAAASPFDPW_CQQYDNLPPTF	0	0	0	0	1	0	0	0	0	0	0	0	0	0	0	0	0	0	0	0	0	0	0	0	0
CARSKGCSGGSCYHNWFDPW_CQQSYSTPYTF	0	0	0	0	1	0	0	0	0	0	0	0	0	0	0	0	0	0	0	0	0	0	0	0	0
CARSLEWLDDYW_CQSYDSSLSGSVF	0	0	0	0	1	0	0	0	0	0	0	0	0	0	0	0	0	0	0	0	0	0	0	0	0
CARSLFEGTVMAFRAEHMDVW_CQQYKTFFAVSF	0	0	0	0	1	0	0	0	0	0	0	0	0	0	0	0	0	0	0	0	0	0	0	0	0
CARSLGPEFYYFDYW_CQQSYSTPWTF	0	0	0	0	1	0	0	0	0	0	0	0	0	0	0	0	0	0	0	0	0	0	0	0	0
CARSMVRGKYRAEYFQHW_CSSYTSSSTLNVVF	0	0	0	0	0	0	0	0	0	0	0	0	0	0	0	0	0	0	0	0	1	0	0	0	0
CARSNYDILTGLDYW_CMQALQTPYTF	0	0	0	0	1	0	0	0	0	0	0	0	0	0	0	0	0	0	0	0	0	0	0	0	0
CARSPGSGSYTW_CQQYGSSPLTF	0	0	0	0	1	0	0	0	0	0	0	0	0	0	0	0	0	0	0	0	0	0	0	0	0
CARSPPRYDLSLVDAFDIW_CQQYNSYSTTF	0	0	0	0	1	0	0	0	0	0	0	0	0	0	0	0	0	0	0	0	0	0	0	0	0
CARSRRIVGATSFDWFDPW_CQQYNSYSRTF	0	0	0	0	1	0	0	0	0	0	0	0	0	0	0	0	0	0	0	0	0	0	0	0	0
CARSSVGRQWPKGMDVW_CSSYTSSSTLAF	0	0	0	0	0	0	0	0	0	0	0	0	0	0	0	0	0	0	0	0	1	0	0	0	0
CARSVDTAMGNAHDW_CQQYGSSPPTF	0	0	0	0	0	0	0	0	0	0	0	0	0	0	0	0	1	0	0	0	0	0	0	0	0
CARSVTGTMGIYYYGMDVW_CQQYGSSRGTF	0	0	0	0	0	0	0	0	0	0	0	0	0	0	0	0	0	1	0	0	0	0	0	0	0
CARSYGSGSYPRPSPLAWFDPW_CAAWDDSLNGPVF	0	0	0	0	0	0	0	0	0	0	0	0	0	0	0	0	0	0	1	0	0	0	0	0	0
CARTCSSTSCYTYGMDVW_CQQYNNWQYTF	0	0	0	0	1	0	0	0	0	0	0	0	0	0	0	0	0	0	0	0	0	0	0	0	0
CARTDIVATPDGGFDYW_CQTWGTGIHVVF	0	0	0	0	1	0	0	0	0	0	0	0	0	0	0	0	0	0	0	0	0	0	0	0	0
CARTGKNGSGSYWFDPW_CQQYRTF	0	0	0	0	1	0	0	0	0	0	0	0	0	0	0	0	0	0	0	0	0	0	0	0	0
CARTGVTTVTTFPYW_CQQSYSTPGTF	0	0	0	0	1	0	0	0	0	0	0	0	0	0	0	0	0	0	0	0	0	0	0	0	0
CARTMVRGVTPADAFDIW_CQQYNSYSSTF	0	0	0	0	1	0	0	0	0	0	0	0	0	0	0	0	0	0	0	0	0	0	0	0	0
CARTPRWLQCFDYW_CQQYNSYSWTF	0	0	0	0	1	0	0	0	0	0	0	0	0	0	0	0	0	0	0	0	0	0	0	0	0
CARTPVSTSYDSPGWYSSGWFFDYW_CQTWGTGIHVVF	0	0	0	0	1	0	0	0	0	0	0	0	0	0	0	0	0	0	0	0	0	0	0	0	0
CARTRVRGVISPFDYW_CQQANSFPPTF	0	0	0	0	1	0	0	0	0	0	0	0	0	0	0	0	0	0	0	0	0	0	0	0	0
CARTSRGLIAAAAAVDYW_NA	0	0	0	0	0	0	0	0	0	1	0	0	0	0	0	0	0	0	0	0	0	0	0	0	0
CARTTLLAAAIDYW_CQQYYSFPYTF	0	0	0	0	1	0	0	0	0	0	0	0	0	0	0	0	0	0	0	0	0	0	0	0	0
CARTTTVVTGDAFDIW_CQSADSSGTYPVF	0	0	0	0	1	0	0	0	0	0	0	0	0	0	0	0	0	0	0	0	0	0	0	0	0
CARTTYGGNSLNWFDPW_CQVWDSSSDHPVF	0	0	0	0	1	0	0	0	0	0	0	0	0	0	0	0	0	0	0	0	0	0	0	0	0
CARTVGAGYKIGKGYFDYW_CQAWDSSTVVF	0	0	0	0	1	0	0	0	0	0	0	0	0	0	0	0	0	0	0	0	0	0	0	0	0
CARTYVWGEVDYYYYGMDVW_CLQHNSYPWTF	0	0	0	0	0	0	0	0	0	0	0	0	0	0	0	0	1	0	0	0	0	0	0	0	0
CARTYYYDSSGYRNAFDIW_CQSADSSGTYPVVF	0	0	0	0	1	0	0	0	0	0	0	0	0	0	0	0	0	0	0	0	0	0	0	0	0
CARVAAAGTYFDYW_CQQYGSSPETF	0	0	0	0	1	0	0	0	0	0	0	0	0	0	0	0	0	0	0	0	0	0	0	0	0
CARVAAVRSGRVNYYYYYGMDVW_CQSADSSGTYKVVF	0	0	0	0	1	0	0	0	0	0	0	0	0	0	0	0	0	0	0	0	0	0	0	0	0
CARVAVAGTTNWFDPW_CQQANSFPYTF	0	0	0	0	1	0	0	0	0	0	0	0	0	0	0	0	0	0	0	0	0	0	0	0	0
CARVDGYNYSFDYW_CQQYNNWWTF	0	0	0	0	1	0	0	0	0	0	0	0	0	0	0	0	0	0	0	0	0	0	0	0	0
CARVDNVWTTWGYW_CQQSYSTPPTF	0	0	0	0	0	0	0	0	0	0	0	0	0	0	0	0	0	1	0	0	0	0	0	0	0
CARVDSFAPNSGYGAQLLNWFDPW_CQQYNNWPLTF	0	0	0	0	1	0	0	0	0	0	0	0	0	0	0	0	0	0	0	0	0	0	0	0	0
CARVDTAMVTGLAISPPWDYGMDVW_CQQYNSYPWTF	0	0	0	0	1	0	0	0	0	0	0	0	0	0	0	0	0	0	0	0	0	0	0	0	0
CARVELHYYYYYGMDVW_CSSYTSSSTLF	0	0	0	0	0	0	0	0	0	0	0	0	0	0	0	0	0	0	0	0	1	0	0	0	0
CARVEYGDYSGWFDPW_CSSYTSSSTWVF	0	0	0	0	0	0	0	0	0	0	0	0	0	0	0	0	0	0	0	0	1	0	0	0	0
CARVFFRVVYAMAYW_CQQYNNWPPMYTF	0	0	0	0	1	0	0	0	0	0	0	0	0	0	0	0	0	0	0	0	0	0	0	0	0
CARVFGSVGATRSTDYW_CQQYITDPFTF	0	0	0	0	1	0	0	0	0	0	0	0	0	0	0	0	0	0	0	0	0	0	0	0	0
CARVFRRYGSGSYYNLW_CQQRSNWLTF	0	0	0	0	0	0	0	0	0	0	0	0	0	0	0	0	1	0	0	0	0	0	0	0	0
CARVGCSGDTCYSYDWFDPW_CGTWDSSLTAVVF	0	0	0	0	1	0	0	0	0	0	0	0	0	0	0	0	0	0	0	0	0	0	0	0	0
CARVGVYGSGSYLVGGDYW_CQQSYSTPWTF	0	0	0	0	1	0	0	0	0	0	0	0	0	0	0	0	0	0	0	0	0	0	0	0	0
CARVGYDYVWGSYRYTGVMDVW_CSSYAGSSYVF	0	0	0	0	1	0	0	0	0	0	0	0	0	0	0	0	0	0	0	0	0	0	0	0	0
CARVKGDYYYYYGMDVW_CMQALQTPHTF	0	0	0	0	1	0	0	0	0	0	0	0	0	0	0	0	0	0	0	0	0	0	0	0	0
CARVKSGGSSSLRQDAFDIW_CQQRSNWPYTF	0	0	0	0	0	0	0	0	0	0	0	0	0	0	0	0	1	0	0	0	0	0	0	0	0
CARVLDVW_CQQYNSYWTF	0	0	0	0	1	0	0	0	0	0	0	0	0	0	0	0	0	0	0	0	0	0	0	0	0
CARVLGGPGATTFDYW_CLQDYNYPWTF	0	0	0	0	1	0	0	0	0	0	0	0	0	0	0	0	0	0	0	0	0	0	0	0	0
CARVLGITGTTRRFDYW_CQQYYSYPFTF	0	0	0	0	0	0	0	0	0	0	0	0	0	0	0	0	0	0	1	0	0	0	0	0	0
CARVLGSFSFGYDGFDIW_CQQLNAYPTF	0	0	0	0	1	0	0	0	0	0	0	0	0	0	0	0	0	0	0	0	0	0	0	0	0
CARVNGLLGEYYYGMDVW_CMQALQTPPNTF	0	0	0	0	1	0	0	0	0	0	0	0	0	0	0	0	0	0	0	0	0	0	0	0	0
CARVNTMVRGLSTTKYYYPMDVW_CSSYTLSILIF	0	0	0	0	0	0	0	0	0	0	0	0	0	0	0	0	0	0	0	0	1	0	0	0	0
CARVPKVRYCSSTSCYKDYYYGMDVW_CQVWDSSSDSWVF	0	0	0	0	1	0	0	0	0	0	0	0	0	0	0	0	0	0	0	0	0	0	0	0	0
CARVRGAFGEPPPYNWFDPW_CQSADSSGTYYVF	0	0	0	0	0	0	0	0	0	0	0	0	0	0	0	0	0	1	0	0	0	0	0	0	0
CARVRKNWNYDLDDWYFDLW_CQVWDSSSDHYVF	0	0	0	0	1	0	0	0	0	0	0	0	0	0	0	0	0	0	0	0	0	0	0	0	0
CARVSGDTMIVVVHRDGMDVW_CQQYNSYSVTF	0	0	0	0	1	0	0	0	0	0	0	0	0	0	0	0	0	0	0	0	0	0	0	0	0
CARVSGVGTSFAGFDPW_CQSADISATVF	0	0	0	0	1	0	0	0	0	0	0	0	0	0	0	0	0	0	0	0	0	0	0	0	0
CARVSGYNSYYFDYW_CQQSYSTPRTF	0	0	0	0	1	0	0	0	0	0	0	0	0	0	0	0	0	0	0	0	0	0	0	0	0
CARVSGYSYYFDYW_CQQLNSYLLTF	0	0	0	0	1	0	0	0	0	0	0	0	0	0	0	0	0	0	0	0	0	0	0	0	0
CARVSLVVPQQFDYW_CQAWDSSTVVF	0	0	0	0	1	0	0	0	0	0	0	0	0	0	0	0	0	0	0	0	0	0	0	0	0
CARVTDPDAFDIW_CNSRDSSGNHYVF	0	0	0	0	1	0	0	0	0	0	0	0	0	0	0	0	0	0	0	0	0	0	0	0	0
CARVTRVTQSNDFWTSYYTDCFDAW_CYSTDSSGNHKVF	0	0	0	0	1	0	0	0	0	0	0	0	0	0	0	0	0	0	0	0	0	0	0	0	0
CARVVDDYYDSSGRYYFDYW_CSSYTSSSTQVF	0	0	0	0	0	0	0	0	0	0	0	0	0	0	0	0	0	0	0	0	1	0	0	0	0
CARVVPAAFYGMDVW_CQQYGSSLFTF	0	0	0	0	1	0	0	0	0	0	0	0	0	0	0	0	0	0	0	0	0	0	0	0	0
CARVYSYGYRYFDYW_CQQSYSTLWTF	0	0	0	0	0	0	0	0	0	0	0	0	0	0	0	0	1	0	0	0	0	0	0	0	0
CARVYYDSSGYYYFDYW_CQQSYSTPWAF	0	0	0	0	1	0	0	0	0	0	0	0	0	0	0	0	0	0	0	0	0	0	0	0	0
CARWRLYYDSRGYYYGMFDYW_CQQSYDTPLTF	0	0	0	0	1	0	0	0	0	0	0	0	0	0	0	0	0	0	0	0	0	0	0	0	0
CARYCSSTSCYTTYYYYYYGMDVW_CQQYYSYPLTF	0	0	0	0	1	0	0	0	0	0	0	0	0	0	0	0	0	0	0	0	0	0	0	0	0
CARYDYDITVDHW_CMQGLQPFTF	0	0	0	0	1	0	0	0	0	0	0	0	0	0	0	0	0	0	0	0	0	0	0	0	0
CARYGVYGDYPGALFDYW_CAAWDDSLSGLWVF	0	0	0	0	1	0	0	0	0	0	0	0	0	0	0	0	0	0	0	0	0	0	0	0	0
CARYNWNLNFDYW_CAAWDDSLNANYVF	0	0	0	0	0	0	0	0	0	0	0	0	0	0	0	0	0	1	0	0	0	0	0	0	0
CARYYDILTGYYYDYFDYW_CSSYTSSSTSF	0	0	0	0	0	0	0	0	0	0	0	0	0	0	0	0	0	0	0	0	1	0	0	0	0
CARYYQDRFDYW_CSSYTSSSTLEVF	0	0	0	0	0	0	0	0	0	0	0	0	0	0	0	0	0	0	0	0	1	0	0	0	0
CASASSTGTDAFDIW_CQAWDSSTHVVF	0	0	0	0	1	0	0	0	0	0	0	0	0	0	0	0	0	0	0	0	0	0	0	0	0
CASATTVSHW_CQQRSNWPLTF	0	0	0	0	0	0	0	0	0	0	0	0	0	0	0	0	1	0	0	0	0	0	0	0	0
CASAWYYYDSSGYYPFDYW_CQQYGSSPWTF	0	0	0	0	1	0	0	0	0	0	0	0	0	0	0	0	0	0	0	0	0	0	0	0	0
CASEDSGYGGGFDYW_CQSYDSSLSEGVF	0	0	0	0	1	0	0	0	0	0	0	0	0	0	0	0	0	0	0	0	0	0	0	0	0
CASFVDTAMAIPLDYWYFDLW_CQQYNNWPPWTF	0	0	0	0	1	0	0	0	0	0	0	0	0	0	0	0	0	0	0	0	0	0	0	0	0
CASGMVDFDYW_CMQGTHWPPTF	0	0	0	0	0	0	0	0	0	0	0	0	0	0	0	0	0	0	0	1	0	0	0	0	0
CASGSSDRYSSGWYWGYFDYW_CQAWDSSTVVF	0	0	0	0	0	0	0	0	0	0	0	0	0	0	0	0	1	0	0	0	0	0	0	0	0
CASGYGGKTYYFDYW_CQQYGSSPGTF	0	0	0	0	1	0	0	0	0	0	0	0	0	0	0	0	0	0	0	0	0	0	0	0	0
CASGYSSGRPDYW_CQQYDNLPITF	0	0	0	0	1	0	0	0	0	0	0	0	0	0	0	0	0	0	0	0	0	0	0	0	0
CASHDSSGYYLLDYW_CQVWDSSSDHVVF	0	0	0	0	1	0	0	0	0	0	0	0	0	0	0	0	0	0	0	0	0	0	0	0	0
CASHGVVVAATRGTPGSDYW_CQQSYSTLRTF	0	0	0	0	1	0	0	0	0	0	0	0	0	0	0	0	0	0	0	0	0	0	0	0	0
CASIAVAGYFNYW_CQQYYSTPFTF	0	0	0	0	1	0	0	0	0	0	0	0	0	0	0	0	0	0	0	0	0	0	0	0	0
CASISMVRGEGGGYW_CQVWDSSSDHPVVF	0	0	0	0	1	0	0	0	0	0	0	0	0	0	0	0	0	0	0	0	0	0	0	0	0
CASLERVRRFYYYYGMDVW_CLLYYGGARVF	0	0	0	0	0	0	0	0	0	0	0	0	0	0	0	0	0	1	0	0	0	0	0	0	0
CASNLGYCSSISCYGFDYW_CQQYGSSPLYTF	0	0	0	0	0	0	0	0	0	0	0	0	0	0	0	0	0	0	1	0	0	0	0	0	0
CASPGGGLLWFGELFRSYFDYW_CVLYMGSGFWVF	0	0	0	0	1	0	0	0	0	0	0	0	0	0	0	0	0	0	0	0	0	0	0	0	0
CASPITTVTTRGAFDIW_CSSYTSSSTFYVF	0	0	0	0	0	0	0	0	0	0	0	0	0	0	0	0	0	0	0	0	1	0	0	0	0
CASPQPGSGWSNYYYYGMDVW_CSSYTSSSTSYVF	0	0	0	0	1	0	0	0	0	0	0	0	0	0	0	0	0	0	0	0	0	0	0	0	0
CASRAVQSSGWRQDYYYGMDVW_CQSYDSSLSGVF	0	0	0	0	1	0	0	0	0	0	0	0	0	0	0	0	0	0	0	0	0	0	0	0	0
CASRTNHYYDIQRHYW_CQQSYSTPGVTF	0	0	0	0	0	0	0	0	0	0	0	0	0	0	0	0	0	0	1	0	0	0	0	0	0
CASRVHGLVTVTTGGAFDIW_CQQYYSYPPAF	0	0	0	0	0	0	0	0	0	0	0	0	0	0	0	0	0	1	0	0	0	0	0	0	0
CASSAPPYGHFDYW_CNSRDSSGNHVVF	0	0	0	0	0	0	0	0	0	0	0	0	0	0	0	0	0	1	0	0	0	0	0	0	0
CASSFLDTSIVEYYFDYW_CATWDDSLSGLF	0	0	0	0	1	0	0	0	0	0	0	0	0	0	0	0	0	0	0	0	0	0	0	0	0
CASSGSYQGNWFDPW_CQQSYSTPYTF	0	0	0	0	1	0	0	0	0	0	0	0	0	0	0	0	0	0	0	0	0	0	0	0	0
CASSGWFDPW_CAAWDDSLSGRVF	0	0	0	0	0	0	0	0	0	0	0	0	0	0	0	0	0	1	0	0	0	0	0	0	0
CASSLRYFDWTVNNWFDPW_CQQYGSSPQTF	0	0	0	0	1	0	0	0	0	0	0	0	0	0	0	0	0	0	0	0	0	0	0	0	0
CASTEIEMLVPRYCSSTSCYFVWFDPW_CGTWDSSLSAGHGVF	0	0	0	0	1	0	0	0	0	0	0	0	0	0	0	0	0	0	0	0	0	0	0	0	0
CASTGGGSYPILNW_CQQYYSYPLTF	0	0	0	0	0	0	0	0	0	0	0	0	0	0	0	0	0	0	1	0	0	0	0	0	0
CASTVPSSLRAGAFDIW_CQQYYSTPRTF	0	0	0	0	1	0	0	0	0	0	0	0	0	0	0	0	0	0	0	0	0	0	0	0	0
CASVQWLVDYW_CQQSYSTPMYTF	0	0	0	0	0	0	0	0	0	0	0	0	0	0	0	0	0	0	0	1	0	0	0	0	0
CASYLEMATRYYFDYW_CLQHNSFWTF	0	0	0	0	1	0	0	0	0	0	0	0	0	0	0	0	0	0	0	0	0	0	0	0	0
CATDLNLAVAGEGGYW_CQQRSNWPLTF	0	0	0	0	0	0	0	0	0	0	0	0	0	0	0	0	1	0	0	0	0	0	0	0	0
CATDNWNFGADSGFGYW_CMQGTHWRTF	0	0	0	0	1	0	0	0	0	0	0	0	0	0	0	0	0	0	0	0	0	0	0	0	0
CATDPYNSGWFASLKNQVLYYW_CQQSYSTPQTF	0	0	0	0	1	0	0	0	0	0	0	0	0	0	0	0	0	0	0	0	0	0	0	0	0
CATEDTARDLYRAAFDIW_CQQYNGWTF	0	0	0	0	1	0	0	0	0	0	0	0	0	0	0	0	0	0	0	0	0	0	0	0	0
CATGIAVAGTLGYYGMDVW_CQQYNNWPRFTF	0	0	0	0	0	0	0	0	0	0	0	0	0	0	0	0	0	0	0	1	0	0	0	0	0
CATGKTYSAPHAYYYFDYW_CQQANSFPRTF	0	0	0	0	1	0	0	0	0	0	0	0	0	0	0	0	0	0	0	0	0	0	0	0	0
CATGLVVPAAILYGMDVW_CQQYGSSRGLTF	0	0	0	0	1	0	0	0	0	0	0	0	0	0	0	0	0	0	0	0	0	0	0	0	0
CATLRYPSLGVDYW_CHQYNNWPFTF	0	0	0	0	1	0	0	0	0	0	0	0	0	0	0	0	0	0	0	0	0	0	0	0	0
CATLSGMDVW_CSSYTSSSTLVVF	0	0	0	0	0	0	0	0	0	0	0	0	0	0	0	0	0	0	0	0	1	0	0	0	0
CATRRVRGEGLAYW_CQQYNSYSRTF	0	0	0	0	1	0	0	0	0	0	0	0	0	0	0	0	0	0	0	0	0	0	0	0	0
CATSDWSW_CQQRINWPITF	0	0	0	0	0	0	0	0	0	0	0	0	0	0	0	0	1	0	0	0	0	0	0	0	0
CATSLVVVPAAILRGGVGGHYYGMDVW_CGTWDSSLSAVVF	0	0	0	0	0	0	0	0	0	0	0	0	0	0	0	0	0	0	0	0	1	0	0	0	0
CATSRVAVAGVDYW_CQSYDSSLSGVVF	0	0	0	0	1	0	0	0	0	0	0	0	0	0	0	0	0	0	0	0	0	0	0	0	0
CATSWGIAALYGMDVW_CNSRDSSGNPYVF	0	0	0	0	1	0	0	0	0	0	0	0	0	0	0	0	0	0	0	0	0	0	0	0	0
CATTLASPTHDYGDYEGGYMDVW_CQQYGSSPLTF	0	0	0	0	1	0	0	0	0	0	0	0	0	0	0	0	0	0	0	0	0	0	0	0	0
CATTYYYDSSGYYQNDAFDIW_CQQYYSYPRTF	0	0	0	0	1	0	0	0	0	0	0	0	0	0	0	0	0	0	0	0	0	0	0	0	0
CATWHYYDSSGEDGMDVW_CQQYNNWPRTF	0	0	0	0	1	0	0	0	0	0	0	0	0	0	0	0	0	0	0	0	0	0	0	0	0
CATYIAAPRDYYYGMDVW_CMQALQTPYTF	0	0	0	0	1	0	0	0	0	0	0	0	0	0	0	0	0	0	0	0	0	0	0	0	0
CAVIPVTGQEASLSAEYFQHW_CQQSYSTPFTF	0	0	0	0	1	0	0	0	0	0	0	0	0	0	0	0	0	0	0	0	0	0	0	0	0
CAYDSSGYSLDYW_CQQYGSSPF	0	0	0	0	0	0	0	0	0	0	0	0	0	0	0	0	0	0	0	0	1	0	0	0	0
CCTYVFVGIVPTIVDYW_CQQYNDWPPAGTF	0	0	0	0	1	0	0	0	0	0	0	0	0	0	0	0	0	0	0	0	0	0	0	0	0
CEVKAAAGNFYW_CSSYAGSVVF	0	0	0	0	1	0	0	0	0	0	0	0	0	0	0	0	0	0	0	0	0	0	0	0	0
CGRAAISVLRKMPPTFW_CQQYGSSPYTF	0	0	0	0	0	0	0	0	0	0	0	0	0	0	0	0	1	0	0	0	0	0	0	0	0
CLGRELGHSW_CLQHNSYPWTF	0	0	0	0	1	0	0	0	0	0	0	0	0	0	0	0	0	0	0	0	0	0	0	0	0
CSIHPYYYDSSSHSEYFQHW_CQQYDNLPPAF	0	0	0	0	0	0	0	0	0	0	0	0	0	0	0	0	0	1	0	0	0	0	0	0	0
CSKDWAATGREIGYW_CQQYYRTPYTF	0	0	0	0	0	0	0	0	0	0	0	0	0	0	0	0	0	1	0	0	0	0	0	0	0
CSNYDILTGYYWFHYW_CQQYNNWPFTF	0	0	0	0	1	0	0	0	0	0	0	0	0	0	0	0	0	0	0	0	0	0	0	0	0
CSRHEGVGGNSDYW_CVLYMGSGISMF	0	0	0	0	1	0	0	0	0	0	0	0	0	0	0	0	0	0	0	0	0	0	0	0	0
CSVYDAERGYFDYW_CCSYAGGDTSYYVF	0	0	0	0	1	0	0	0	0	0	0	0	0	0	0	0	0	0	0	0	0	0	0	0	0
CSVYDSSGYLYGAFDIW_CQQYYSTPLTF	0	0	0	0	0	0	0	0	0	0	0	0	0	0	0	0	0	1	0	0	0	0	0	0	0
CTAVLRYFDWLLMEAHENYYYYGMDVW_CQSADSSGGVF	0	0	0	0	1	0	0	0	0	0	0	0	0	0	0	0	0	0	0	0	0	0	0	0	0
CTGPDRMAYYDSSGYWEGVLDYW_CSSYTSSSPLYVF	0	0	0	0	0	0	0	0	0	0	0	0	0	0	0	0	0	0	0	0	1	0	0	0	0
CTNYGMDVW_CSSYAGSNNWVF	0	0	0	0	1	0	0	0	0	0	0	0	0	0	0	0	0	0	0	0	0	0	0	0	0
CTPSLETYGDYALGYYW_CQSADSSGTYPYVF	0	0	0	0	1	0	0	0	0	0	0	0	0	0	0	0	0	0	0	0	0	0	0	0	0
CTRALNSNHFDYW_CQQANSFPLTF	0	0	0	0	1	0	0	0	0	0	0	0	0	0	0	0	0	0	0	0	0	0	0	0	0
CTRCGSSWTSYTMYDW_CSSYTGSRLYVF	0	0	0	0	0	0	0	0	0	0	0	0	0	0	0	0	0	0	0	0	1	0	0	0	0
CTRDLAYSNYEPPNHNWFDPW_CLQHNSYPLTF	0	0	0	0	1	0	0	0	0	0	0	0	0	0	0	0	0	0	0	0	0	0	0	0	0
CTRDLLVNWNDPGLISYYNSFDVW_CQQYYNSPRTF	0	0	0	0	0	0	0	0	0	0	0	0	0	0	0	0	0	1	0	0	0	0	0	0	0
CTRDPHYGDHVPHNWFDPW_CQQSYRSPYTF	0	0	0	0	1	0	0	0	0	0	0	0	0	0	0	0	0	0	0	0	0	0	0	0	0
CTRDRYSSSWYKGLYYYYGMDVW_CQQSYSTPYTF	0	0	0	0	1	0	0	0	0	0	0	0	0	0	0	0	0	0	0	0	0	0	0	0	0
CTREAEMATISIDYW_CQVWDSSSDHVVF	0	0	0	0	1	0	0	0	0	0	0	0	0	0	0	0	0	0	0	0	0	0	0	0	0
CTREYYDFWSGDYW_CQQYDNLPLTF	0	0	0	0	1	0	0	0	0	0	0	0	0	0	0	0	0	0	0	0	0	0	0	0	0
CTRGGGALGNW_CQQYYSIPWTF	0	0	0	0	0	0	0	0	0	0	0	0	0	0	0	0	0	1	0	0	0	0	0	0	0
CTRGGTLGARSGYYDYYYGMDVW_CQQYNSYPLTF	0	0	0	0	1	0	0	0	0	0	0	0	0	0	0	0	0	0	0	0	0	0	0	0	0
CTRGYCSSTSCYTGWFDPW_CQAWDSSHVVF	0	0	0	0	1	0	0	0	0	0	0	0	0	0	0	0	0	0	0	0	0	0	0	0	0
CTRHTHCSGGSCYDAFDIW_CQQSYSTPRYTF	0	0	0	0	1	0	0	0	0	0	0	0	0	0	0	0	0	0	0	0	0	0	0	0	0
CTRPQRKWELPYPDAFDIW_CSSYTSSSTLF	0	0	0	0	0	0	0	0	0	0	0	0	0	0	0	0	0	0	0	0	1	0	0	0	0
CTRSYVLRFLEWFSPFDYW_CQQYGSSLWTF	0	0	0	0	1	0	0	0	0	0	0	0	0	0	0	0	0	0	0	0	0	0	0	0	0
CTRVVTMIVVAQGGFDYW_CAAWDDSLSAVVF	0	0	0	0	1	0	0	0	0	0	0	0	0	0	0	0	0	0	0	0	0	0	0	0	0
CTRYYGDVW_CQQYYSFPWTF	0	0	0	0	1	0	0	0	0	0	0	0	0	0	0	0	0	0	0	0	0	0	0	0	0
CTSWAIPQALTDYYYYGMDVW_CQQRSNWPPSITF	0	0	0	0	0	0	0	0	0	0	0	0	0	0	0	0	1	0	0	0	0	0	0	0	0
CTTDDEKRPYSGSYLPFDYW_CQSYDSSNVVF	0	0	0	0	1	0	0	0	0	0	0	0	0	0	0	0	0	0	0	0	0	0	0	0	0
CTTDHGDAYNYRW_CQQYGSSPRTF	0	0	0	0	1	0	0	0	0	0	0	0	0	0	0	0	0	0	0	0	0	0	0	0	0
CTTDHIVVVTAMIFGYYFDYW_CQQLNSPLTF	0	0	0	0	1	0	0	0	0	0	0	0	0	0	0	0	0	0	0	0	0	0	0	0	0
CTTDLVWFGELANAFDIW_CLQHNSYLPEWTF	0	0	0	0	1	0	0	0	0	0	0	0	0	0	0	0	0	0	0	0	0	0	0	0	0
CTTDSPHMITFGGVIVFDYW_CAAWDDSLNGGVF	0	0	0	0	1	0	0	0	0	0	0	0	0	0	0	0	0	0	0	0	0	0	0	0	0
CTTEALDYGANSRSPNFDYW_CQAWDSSNVVF	0	0	0	0	1	0	0	0	0	0	0	0	0	0	0	0	0	0	0	0	0	0	0	0	0
CTTEGGDGYNSFDYW_CQQYDNLPITF	0	0	0	0	1	0	0	0	0	0	0	0	0	0	0	0	0	0	0	0	0	0	0	0	0
CTTENVLLWFGEPEYYYYYYGMDVW_CQSADSSGTYAVVF	0	0	0	0	1	0	0	0	0	0	0	0	0	0	0	0	0	0	0	0	0	0	0	0	0
CTTEVCSGYDCDLGDYW_CQQRSNWPTF	0	0	0	0	0	0	0	0	0	0	0	0	0	0	0	0	1	0	0	0	0	0	0	0	0
CTTGGALNYW_CQAWDSSTACVF	0	0	0	0	1	0	0	0	0	0	0	0	0	0	0	0	0	0	0	0	0	0	0	0	0
CTTIYYDILTGDYW_CMQALQTPITF	0	0	0	0	1	0	0	0	0	0	0	0	0	0	0	0	0	0	0	0	0	0	0	0	0
CTTPTWGNYYYYGMDVW_CQQRSTGRDTF	0	0	0	0	0	0	0	0	0	0	0	0	0	0	0	0	1	0	0	0	0	0	0	0	0
CTTRLWRISQYYYDSSGYGHFDYW_CQSADSSGTYVF	0	0	0	0	1	0	0	0	0	0	0	0	0	0	0	0	0	0	0	0	0	0	0	0	0
CTTSGGDW_CMQSIQLPRTF	0	0	0	0	1	0	0	0	0	0	0	0	0	0	0	0	0	0	0	0	0	0	0	0	0
CTTTTADIVVVPAAIQTVDYW_CQQYDNLPLTF	0	0	0	0	1	0	0	0	0	0	0	0	0	0	0	0	0	0	0	0	0	0	0	0	0
CTTVLRYFDWLLSDYGMDVW_CLLSYSGARGVF	0	0	0	0	1	0	0	0	0	0	0	0	0	0	0	0	0	0	0	0	0	0	0	0	0
CTTVSPYGDYVGVYFDYW_CQQYYSYPPTF	0	0	0	0	1	0	0	0	0	0	0	0	0	0	0	0	0	0	0	0	0	0	0	0	0
CVGVGYNYRRDGAFDIW_CQQYGSSPQITF	0	0	0	0	1	0	0	0	0	0	0	0	0	0	0	0	0	0	0	0	0	0	0	0	0
CVKDLYDTGSYYYFDYW_CSSYTRSSTLVF	0	0	0	0	1	0	0	0	0	0	0	0	0	0	0	0	0	0	0	0	0	0	0	0	0
CVKDRSSRQLKAVGTYFDCW_CTSYTSSSTSYVF	0	0	0	0	1	0	0	0	0	0	0	0	0	0	0	0	0	0	0	0	0	0	0	0	0
CVKDYSTSGWYYFDFW_CQQYGSSLPYTF	0	0	0	0	1	0	0	0	0	0	0	0	0	0	0	0	0	0	0	0	0	0	0	0	0
CVKEITAAKNRRKSLGYFFDFW_CQQYNDWPPLTF	0	0	0	0	1	0	0	0	0	0	0	0	0	0	0	0	0	0	0	0	0	0	0	0	0
CVKGPYYDGSGNSFGRKAFDIW_CQQYGSSPYTF	0	0	0	0	1	0	0	0	0	0	0	0	0	0	0	0	0	0	0	0	0	0	0	0	0
CVKKVIGFDDW_CQQSDTFGYTF	0	0	0	0	1	0	0	0	0	0	0	0	0	0	0	0	0	0	0	0	0	0	0	0	0
CVLYYGSGSYYRFDYW_CQSYDSSLSAVF	0	0	0	0	0	0	0	0	0	0	0	0	0	0	0	0	1	0	0	0	0	0	0	0	0
CVRDQGSGGNYFDPW_CSSYTSSSLYVF	0	0	0	0	0	0	0	0	0	0	0	0	0	0	0	0	0	0	0	0	1	0	0	0	0
CVREMTGSFTGGLDPW_CMQGTHWPPTF	0	0	0	0	1	0	0	0	0	0	0	0	0	0	0	0	0	0	0	0	0	0	0	0	0
CVRGGSGTLSWYDSW_CQQYLSSPDTF	0	0	0	0	0	0	0	0	0	0	0	0	0	0	0	0	0	1	0	0	0	0	0	0	0
CVSQLYYLDGRGYYYDYYYDYW_CLQHHDYPWTF	0	0	0	0	1	0	0	0	0	0	0	0	0	0	0	0	0	0	0	0	0	0	0	0	0
CWRDRREAPIEMEVASTRG_CMQSTHWPYTF	0	0	0	0	1	0	0	0	0	0	0	0	0	0	0	0	0	0	0	0	0	0	0	0	0
NA_CCSYAGSSTVVF	0	0	0	0	1	0	0	0	0	0	0	0	0	0	0	0	0	0	0	0	0	0	0	0	0
NA_CHQYNNWSSWTF	0	0	0	0	1	0	0	0	0	0	0	0	0	0	0	0	0	0	0	0	0	0	0	0	0
NA_CQAWDSSTVVF	0	0	0	0	1	0	0	0	0	0	0	0	0	0	0	0	0	0	0	0	0	0	0	0	0
NA_CQQANSFPLTF	1	0	0	0	0	0	0	0	0	0	0	0	0	0	0	0	0	0	0	0	0	0	0	0	0
NA_CQQRSNWPPYTF	0	0	0	0	1	0	0	0	0	0	0	0	0	0	0	0	0	0	0	0	0	0	0	0	0
NA_CQQSYNTLWSF	0	0	0	0	1	0	0	0	0	0	0	0	0	0	0	0	0	0	0	0	0	0	0	0	0
NA_CQQSYNTPRTF	0	0	0	0	1	0	0	0	0	0	0	0	0	0	0	0	0	0	0	0	0	0	0	0	0
NA_CQQSYRTPFTF	0	0	0	0	1	0	0	0	0	0	0	0	0	0	0	0	0	0	0	0	0	0	0	0	0
NA_CQQYDELPVTF	0	0	0	0	1	0	0	0	0	0	0	0	0	0	0	0	0	0	0	0	0	0	0	0	0
NA_CQSADSSGTSWVF	0	0	0	0	1	0	0	0	0	0	0	0	0	0	0	0	0	0	0	0	0	0	0	0	0
NA_CQSYDDSLSGTVF	0	0	0	0	1	0	0	0	0	0	0	0	0	0	0	0	0	0	0	0	0	0	0	0	0
