BCR_highlight_aa_all	nbCell_byClone_Clust0	nbCell_byClone_Clust1	nbCell_byClone_Clust2	nbCell_byClone_Clust3	nbCell_byClone_Clust4	nbCell_byClone_Clust5	nbCell_byClone_Clust6
CAAIAVYVYW_CQQYNSYPLTF	0	0	0	1	0	0	0
CAHHGSARYSSSWHAAPGPYYFDYW_CQVWDSRAYVF	0	0	0	1	0	0	0
CAHKMGRGGGVDYW_CQQLSTDPITF	0	0	0	1	0	0	0
CAHRRYYYVAFDYW_CQQYYSTPLTF	0	0	0	1	0	0	0
CAHSDYYEGRGMDVW_CQQYYSTPYTF	0	0	0	1	0	0	0
CAKAGDSSGYQKTYYFDYW_CQSADSSGTYGVF	0	0	0	1	0	0	0
CAKANLAGVVAAIGIDYW_CAAWDDSLSGVVF	0	0	0	1	0	0	0
CAKDATGYFDWLPYYYYYYGMDVW_CLLYYGGAQLWVF	0	0	0	1	0	0	0
CAKDFSGGEVVVVAATDYW_CQQYYSYPRTF	0	0	0	1	0	0	0
CAKDGGLDYALYWYFDLW_CQQYNSLYTF	0	0	0	1	0	0	0
CAKDLGELTDYW_CSSYTSSSTLVVVF	0	0	0	1	0	0	0
CAKDLLSIYGSPSDYW_CQPYYGAPPYTF	0	0	0	1	0	0	0
CAKDPDYW_CQQRSNWPTF	0	0	0	1	0	0	0
CAKDRASYYNFPIDPW_CQQYYSTPFTF	0	0	0	1	0	0	0
CAKDTEVGASRYYYYYGMDVW_CQQYGSSPPFTF	0	0	0	1	0	0	0
CAKPEAGQWLHVHHNHYGLDVW_CQSFDNSLSGSVF	0	0	0	1	0	0	0
CAKSGPPLEWFFLGYYYGMDVW_CNSRDSSGNHVVF	0	0	0	1	0	0	0
CAKVFSSSWGDYW_CQQSYSTPITF	0	0	0	1	0	0	0
CAKVLLDYYYGMDVW_CSSYTSSSTLVVF	0	0	0	1	0	0	0
CANGPPINYGDYEDAFDIW_CQQYNSYPLTF	0	0	0	1	0	0	0
CAQTKLGIFGGMDVW_CQQSYSTPYTF	0	0	0	1	0	0	0
CARADVVVVAALDYW_CQQYYSTPITF	0	0	0	1	0	0	0
CARAVDTAMVTNNWFDPW_CQQSYSTPFTF	0	0	0	1	0	0	0
CARAVLRFLEWFSNWFDPW_CSSYTSSSTHVF	0	0	0	1	0	0	0
CARDELDILTGYNIPTFGGCVYW_CQQYYSYPWTF	0	0	0	2	0	0	0
CARDFTEDGYNFDWRMLPDYW_CQQRSNWPPITF	0	0	0	1	0	0	0
CARDGPYSGSYYGDAFDIW_CQQSYSTPRTF	0	0	0	1	0	0	0
CARDKVVGARNWFDPW_CQQSYSTPSF	0	0	0	1	0	0	0
CARDLGATDYW_CCSYAGSSTPYVF	0	0	0	1	0	0	0
CARDLRPVAGTADYLDYW_CQQYHYWPRTF	0	0	0	1	0	0	0
CARDPMVRGVNYGMDVW_CMQALQTPRTF	0	0	0	1	0	0	0
CARDRGSGTEPDFDYW_CMQATQFPLTF	0	0	0	1	0	0	0
CARDRRGEHNFDYW_CQQRSNWPPGTF	0	0	0	1	0	0	0
CARDRVVGATLYYYYYGMDVW_CQAWDSSSVVF	0	0	0	1	0	0	0
CARDRWVVAAYYYGMDVW_CAIWYSSTWVF	0	0	0	1	0	0	0
CARDRYYYGSGRHRGSYYYYGMDVW_CAAWDDSLNGWVF	0	0	0	1	0	0	0
CARDSEGEPSAGDAFDIW_CQQSYSTPWTF	0	0	0	1	0	0	0
CARDTMGPLYYGMDVW_CQVWDSSTVVF	0	0	0	1	0	0	0
CARDVCRGHYGDCLWGYW_CQQYYSYPITF	0	0	0	1	0	0	0
CARDVSDGYNYEAWVDYW_CQQSYSTLWTF	0	0	0	1	0	0	0
CAREDLLWFGERWAKNSFDPW_CMQALQTPITF	0	0	0	1	0	0	0
CAREKWELPPPPYYFDYW_CCSYAGSYTVVF	0	0	0	1	0	0	0
CARENYDFWSGYYHGADVW_CMIWHSSAWVF	0	0	0	1	0	0	0
CARETGYSSGWYEATGMDVW_CNSRDSSGNHLVF	0	0	0	1	0	0	0
CARGGWWELPYYYYYGMDVW_CMQALQTRNTF	0	0	0	1	0	0	0
CARGIQLWWWFDPW_CQQSYSTPCTF	0	0	0	1	0	0	0
CARGPGYFDYW_CQQYDNLPRTF	0	0	0	1	0	0	0
CARGQIGGWSPYYYYGLDVW_CQQGYTNPFTF	0	0	0	1	0	0	0
CARGRNLGVVTKFNWFDPW_CAAWDDSLNGLVF	0	0	0	1	0	0	0
CARGTVTTGRGYFDLW_CQQYGSSPQVTF	0	0	0	1	0	0	0
CARGVTIFGVVIMGGMDVW_CQQSYSTPYTF	0	0	0	1	0	0	0
CARGWSIVVVVAATFPNWFDPW_CQQRSNWPPTF	0	0	0	1	0	0	0
CARGYATALSRTDYW_CSSYTSSSTLVVF	0	0	0	1	0	0	0
CARHEVPEMATIRGWFDPW_CQQYGSSLFTF	0	0	0	1	0	0	0
CARKGIAVRGGIDYW_CLLYYGGAWVF	0	0	0	1	0	0	0
CARRYYDSSGYSANFDYW_CQTWGTGIYVF	0	0	0	1	0	0	0
CARSKGCSGGSCYHNWFDPW_CQQSYSTPYTF	0	0	0	1	0	0	0
CARTGVTTVTTFPYW_CQQSYSTPGTF	0	0	0	1	0	0	0
CARVAAVRSGRVNYYYYYGMDVW_CQSADSSGTYKVVF	0	0	0	1	0	0	0
CARVFGSVGATRSTDYW_CQQYITDPFTF	0	0	0	1	0	0	0
CARVLDVW_CQQYNSYWTF	0	0	0	1	0	0	0
CARYDYDITVDHW_CMQGLQPFTF	0	0	0	1	0	0	0
CASAWYYYDSSGYYPFDYW_CQQYGSSPWTF	0	0	0	1	0	0	0
CASFVDTAMAIPLDYWYFDLW_CQQYNNWPPWTF	0	0	0	1	0	0	0
CASHGVVVAATRGTPGSDYW_CQQSYSTLRTF	0	0	0	1	0	0	0
CASIAVAGYFNYW_CQQYYSTPFTF	0	0	0	1	0	0	0
CASISMVRGEGGGYW_CQVWDSSSDHPVVF	0	0	0	1	0	0	0
CASPQPGSGWSNYYYYGMDVW_CSSYTSSSTSYVF	0	0	0	1	0	0	0
CASTVPSSLRAGAFDIW_CQQYYSTPRTF	0	0	0	1	0	0	0
CATEDTARDLYRAAFDIW_CQQYNGWTF	0	0	0	1	0	0	0
CTRDPHYGDHVPHNWFDPW_CQQSYRSPYTF	0	0	0	1	0	0	0
CTRVVTMIVVAQGGFDYW_CAAWDDSLSAVVF	0	0	0	1	0	0	0
CTTDSPHMITFGGVIVFDYW_CAAWDDSLNGGVF	0	0	0	1	0	0	0
CTTEALDYGANSRSPNFDYW_CQAWDSSNVVF	0	0	0	1	0	0	0
CVGVGYNYRRDGAFDIW_CQQYGSSPQITF	0	0	0	1	0	0	0
CVKDRSSRQLKAVGTYFDCW_CTSYTSSSTSYVF	0	0	0	1	0	0	0
CVKEITAAKNRRKSLGYFFDFW_CQQYNDWPPLTF	0	0	0	1	0	0	0
NA_CQQSYRTPFTF	0	0	0	1	0	0	0
NA_CQSADSSGTSWVF	0	0	0	1	0	0	0
