TCR_highlight_aa_all	nbCell_byClone_Clust0	nbCell_byClone_Clust1	nbCell_byClone_Clust2	nbCell_byClone_Clust3	nbCell_byClone_Clust4	nbCell_byClone_Clust5	nbCell_byClone_Clust6	nbCell_byClone_Clust7	nbCell_byClone_Clust8	nbCell_byClone_Clust9	nbCell_byClone_Clust10	nbCell_byClone_Clust11	nbCell_byClone_Clust12
CAAAEGSNYQLIW_CATTDGRDEQFF	0	0	0	0	0	1	0	0	0	0	0	0	0
CAADFTGNQFYF_CAWSVRSPNQPQHF	0	0	0	0	0	1	0	0	0	0	0	0	0
CAADPSSGSARQLTF_CASSFLQGPLIEETQYF	0	1	0	0	0	0	0	0	0	0	0	0	0
CAAGRGNTPLVF_CASSVDSVGELFF	0	0	1	0	0	0	0	0	0	0	0	0	0
CAAGRGSGTYKYIF_CASSLLGGENTEAFF	0	0	0	0	0	0	1	0	0	0	0	0	0
CAAGRTGNQFYF_CASSLWTGRNYGYTF	0	1	0	0	0	0	0	0	0	0	0	0	0
CAAGYNDYKLSF_CASSSRTGGRGDEQFF	0	0	1	0	0	0	0	0	0	0	0	0	0
CAAIETSGSRLTF_CASSPSDRVNSPLHF	0	0	0	0	0	0	1	0	0	0	0	0	0
CAAILGFQKLVF_CASSFQPSGGAYTGELFF	0	1	0	0	0	0	0	0	0	0	0	0	0
CAALDSNYQLIW_CASSYSPDRYNEQFF	0	0	0	0	0	0	0	0	1	0	0	0	0
CAALGGATNKLIF_CATSRWPGVNTEAFF	0	0	0	0	0	1	0	0	0	0	0	0	0
CAALLNARLMF_CASTGGTPDTQYF	0	0	0	0	0	0	1	0	0	0	0	0	0
CAALSGGSNYKLTF_CASSMAVLDEQYF	0	0	1	0	0	0	0	0	0	0	0	0	0
CAALTHTGANSKLTF_CASSLDSRYAQYF	0	0	1	0	0	0	0	0	0	0	0	0	0
CAALYYGNNRLAF_CASSEVTGLADEQYF	0	0	0	0	0	1	0	0	0	0	0	0	0
CAANDNDMRF_CASSLDFRRPQAGYTF	0	0	0	0	0	0	0	1	0	0	0	0	0
CAANLLNSNARLMF_CASSLLTQGSEQYF	0	0	1	0	0	0	0	0	0	0	0	0	0
CAANNNAGNMLTF_CSVERGSSYNEQFF	0	0	1	0	0	0	0	0	0	0	0	0	0
CAAPGGSNYKLTF_NA	0	0	1	0	0	0	0	0	0	0	0	0	0
CAAPLSGGYNKLIF_CASSLTRDLETQYF	0	0	1	0	0	0	0	0	0	0	0	0	0
CAAPNAGGTSYGKLTF_CASSSGLLGRAEPQHF	0	0	0	0	0	0	1	0	0	0	0	0	0
CAAPPSFGNQFYF_CSAQTVLYGYTF	0	0	0	0	0	0	1	0	0	0	0	0	0
CAAQDPMEYGNKLVF_CASSYSALRRDTQYF	0	0	1	0	0	0	0	0	0	0	0	0	0
CAARAAWVPQSRTGRRALTF_CASLGVGNTEAFF	0	0	0	0	0	1	0	0	0	0	0	0	0
CAARDQKVTF_CASSRQDYNSPLHF	0	1	0	0	0	0	0	0	0	0	0	0	0
CAARDTTSGTYKYIF_CASSPSRRGKETQYF	0	0	0	0	0	0	0	1	0	0	0	0	0
CAARGGGTSYGKLTF_CASSLGRAVVYGYTF	0	0	0	0	0	1	0	0	0	0	0	0	0
CAARIVFAGSYQLTF_CASSNPKTANYGYTF	0	0	1	0	0	0	0	0	0	0	0	0	0
CAARPWETSGSRLTF_CSATDYSPEQFF	0	0	0	0	0	0	1	0	0	0	0	0	0
CAARSSGNTPLVF_CASSLRTVEQYF	0	0	0	0	0	1	0	0	0	0	0	0	0
CAARTSGAGSYQLTF_CASRHGGSSYNEQFF	0	0	1	0	0	0	0	0	0	0	0	0	0
CAASAFSGNTGKLIF_CASSLPGTEAFF	0	1	0	0	0	0	0	0	0	0	0	0	0
CAASAGQGAQKLVF_CASGGRGGFSNQPQHF	0	0	1	0	0	0	0	0	0	0	0	0	0
CAASANAGNMLTF_CASSLRYNEQFF	0	1	0	0	0	0	0	0	0	0	0	0	0
CAASAQGGSEKLVF_CASSASSYNSPLHF	0	1	0	0	0	0	0	0	0	0	0	0	0
CAASAYGGSQGNLIF_CSAADRRFNQPQHF	0	1	0	0	0	0	0	0	0	0	0	0	0
CAASDSGGSQGNLIF_CASSESWASNSPLHF	0	0	1	0	0	0	0	0	0	0	0	0	0
CAASENTGTASKLTF_CSAGGLAGVRNEQFF	0	1	0	0	0	0	0	0	0	0	0	0	0
CAASESAGNKLTF_CASSLYRGNSYNEQFF	0	1	0	0	0	0	0	0	0	0	0	0	0
CAASFYHAGSTLGRLYF_CASRLQGGNQPQHF	0	0	0	0	0	1	0	0	0	0	0	0	0
CAASGGAQKLVF_CASSYFPGGTGEQFF	0	0	0	0	0	0	1	0	0	0	0	0	0
CAASGVGGNEKLTF_CASSLGRRQYF	0	0	1	0	0	0	0	0	0	0	0	0	0
CAASIGGSQGNLIF_CAISPEPGSYNEQFF	0	0	0	0	0	0	1	0	0	0	0	0	0
CAASMSGNTGKLIF_CASTPLGTGVTEAFF	0	0	1	0	0	0	0	0	0	0	0	0	0
CAASNTGTASKLTF_NA	0	1	0	0	0	0	0	0	0	0	0	0	0
CAASQGSNYQLIW_CASSEGGRGIYEQYF	0	0	1	0	0	0	0	0	0	0	0	0	0
CAASRGNQGGKLIF_CATSGRGADYQETQYF	0	1	0	0	0	0	0	0	0	0	0	0	0
CAASSRSGGGADGLTF_CSANGGDGYTF	0	0	0	0	0	0	1	0	0	0	0	0	0
CAASTWAGGFKTIF_CASSPTGQADTEAFF	0	0	1	0	0	0	0	0	0	0	0	0	0
CAASWGYGNKLVF_CASGGEGSGKGNEQFF	0	0	0	0	0	0	0	1	0	0	0	0	0
CAATGGGNKLTF_CASSLANRGSGNTIYF	0	1	0	0	0	0	0	0	0	0	0	0	0
CAEIANFNKFYF_CSARDLDGYGYTF	0	0	0	0	0	0	0	1	0	0	0	0	0
CAEIGGSYIPTF_CAWGDSSTDTQYF	0	0	0	0	0	1	0	0	0	0	0	0	0
CAEILGHILTGGGNKLTF_CSAQSRGRLMETQYF	0	1	0	0	0	0	0	0	0	0	0	0	0
CAEILQGGKLIF_CASSAALTEAFF	0	0	0	0	0	1	0	0	0	0	0	0	0
CAEIVGYSTLTF_CSAREGSPLHF	0	0	0	0	0	0	1	0	0	0	0	0	0
CAEKASRGATNKLIF_CASRRTMNTEAFF	0	1	0	0	0	0	0	0	0	0	0	0	0
CAELRSSNTGKLIF_CASSSRAGTGGVQQYF	0	0	1	0	0	0	0	0	0	0	0	0	0
CAEMDSSYKLIF_CSADKDGQNTEAFF	0	0	0	0	0	0	1	0	0	0	0	0	0
CAEMNQAGTALIF_CASSSGGTGDTQYF	0	0	0	0	0	0	1	0	0	0	0	0	0
CAENSGGYQKVTF_CSALYDLGLGNTIYF	0	1	0	0	0	0	0	0	0	0	0	0	0
CAERSGGYQKVTF_CASSQTSTGAYGYTF	0	0	0	0	0	0	1	0	0	0	0	0	0
CAERTPGFQKLVF_CASEGVISYEQYF	0	1	0	0	0	0	0	0	0	0	0	0	0
CAESIDGATNKLIF_CSVPKEDMYVDEQFF	0	0	0	0	0	1	0	0	0	0	0	0	0
CAESIGGSSASKIIF_CSARNGGEAFF	0	0	0	0	0	1	0	0	0	0	0	0	0
CAESMEYGQNFVF_CASSPGQLNSPLHF	0	0	1	0	0	0	0	0	0	0	0	0	0
CAESPPTGGFKTIF_NA	0	0	0	0	0	1	0	0	0	0	0	0	0
CAFANDYKLSF_CSARETGVSYEQYF	0	0	0	0	0	1	0	0	0	0	0	0	0
CAFEGSSGDKLTF_CASSLGQFGSGANVLTF	0	1	0	0	0	0	0	0	0	0	0	0	0
CAFGTGTYKYIF_CASSQDLGHGETQYF	0	0	0	0	0	0	1	0	0	0	0	0	0
CAFITGTASKLTF_CASRRASGATYEQYF	0	0	0	0	0	1	0	0	0	0	0	0	0
CAFMKHHMFSGAGSYQLTF_NA	0	0	1	0	0	0	0	0	0	0	0	0	0
CAFMKPVDGGSQGNLIF_CASSSWAQGAGETQYF	0	0	0	0	0	0	0	1	0	0	0	0	0
CAFMNRDDKIIF_CASSLTPSSRANTGELFF	0	0	0	0	0	1	0	0	0	0	0	0	0
CAFNLGATNKLIF_CASTLDRLGNSPLHF	0	0	1	0	0	0	0	0	0	0	0	0	0
CAFTLNFGNEKLTF_CASRGGGTGGSLSGYTF	0	0	1	0	0	0	0	0	0	0	0	0	0
CAFYGGSQGNLIF_CASSLVGVDNSPLHF	0	0	1	0	0	0	0	0	0	0	0	0	0
CAGAPSGTYKYIF_CASSILAATSEQYF	0	0	0	0	0	1	0	0	0	0	0	0	0
CAGDNAGNMLTF_CASSQVYRDTQYF	0	0	0	0	0	0	1	0	0	0	0	0	0
CAGDTGGFKTIF_CASRSGLLDNEKLFF	0	1	0	0	0	0	0	0	0	0	0	0	0
CAGGDSWGKLQF_CASSQEDGTYEQYF	0	0	0	0	0	1	0	0	0	0	0	0	0
CAGGEAGKSTF_CASSLAYRGEKLFF	0	1	0	0	0	0	0	0	0	0	0	0	0
CAGGGGANSKLTF_CASSLLGSPDTQYF	0	1	0	0	0	0	0	0	0	0	0	0	0
CAGLGGSNYKLTF_NA	0	1	0	0	0	0	0	0	0	0	0	0	0
CAGPNNNARLMF_CASSYSGGPGNTIYF	0	0	1	0	0	0	0	0	0	0	0	0	0
CAGQGGNQGGKLIF_CATSRDQKNIQYF	0	0	0	0	0	0	1	0	0	0	0	0	0
CAGQIIQGAQKLVF_CSAREGYWGSNQPQHF	0	0	1	0	0	0	0	0	0	0	0	0	0
CAGQRYGQNFVF_CASSQGVPGDSYTDTQYF	0	1	0	0	0	0	0	0	0	0	0	0	0
CAGQTSGTYKYIF_CASSRQGTGANVLTF	0	0	1	0	0	0	0	0	0	0	0	0	0
CAGRDNYGQNFVF_CASSPRATGELFF	0	0	0	0	0	1	0	0	0	0	0	0	0
CAGRDSNYQLIW_CASSQEGGGAYNEQFF	0	0	0	0	0	0	0	1	0	0	0	0	0
CAGRGGGADGLTF_CASSQDRQGRNYGYTF	0	0	0	0	0	0	0	1	0	0	0	0	0
CAGRGSGTYKYIF_CATSSPTSESYEQYF	0	1	0	0	0	0	0	0	0	0	0	0	0
CAGRYDFNKFYF_CASSVSSRNTEAFF	0	0	0	0	0	0	1	0	0	0	0	0	0
CAGVTNFNKFYF_CASRIGPSSGANVLTF	0	0	0	0	0	1	0	0	0	0	0	0	0
CAGYNFNKFYF_CASSPGTAYGYTF	0	0	0	0	0	1	0	0	0	0	0	0	0
CAGYNYGQNFVF_CAIRGTSNEKLFF	0	0	1	0	0	0	0	0	0	0	0	0	0
CAHNQAGTALIF_CASSWDGTTTNYGYTF	0	0	1	0	0	0	0	0	0	0	0	0	0
CAKYNFNKFYF_CASSRLAGTDTQYF	0	0	0	0	0	0	1	0	0	0	0	0	0
CALDITLGQAGTALIF_CASSDFQGTGELFF	0	0	1	0	0	0	0	0	0	0	0	0	0
CALDMGSNYQLIW_CASSGSQGKGYYGYTF	0	1	0	0	0	0	0	0	0	0	0	0	0
CALEDNARLMF_CASRRQGARNTEAFF	0	0	0	0	0	0	1	0	0	0	0	0	0
CALEGDMRF_CAISFREQETQYF	0	1	0	0	0	0	0	0	0	0	0	0	0
CALGFPNTGNQFYF_CASSDRSVLNTEAFF	0	0	0	0	0	0	0	0	0	0	1	0	0
CALGGSGGSNYKLTF_CSARVQGLNYGYTF	0	0	1	0	0	0	0	0	0	0	0	0	0
CALGPSYSGAGSYQLTF_CASSLEVNTEAFF	0	0	0	0	0	1	0	0	0	0	0	0	0
CALGSGSNYQLIW_CASSQRGQGVGNEQFF	0	0	0	0	0	1	0	0	0	0	0	0	0
CALMDSNYQLIW_CASSNPGPVQETQYF	0	1	0	0	0	0	0	0	0	0	0	0	0
CALPNMDTGRRALTF_CASTYDSSPQYF	0	0	0	0	0	1	0	0	0	0	0	0	0
CALRADQKVTF_CASSVGQASPLHF	0	0	0	0	0	0	0	1	0	0	0	0	0
CALRDMEYGNKLVF_CSVINRGQTEAFF	0	0	0	0	0	0	0	0	0	0	1	0	0
CALRGAGNNRKLIW_CASSYSDRGPMYGYTF	0	0	0	0	0	0	1	0	0	0	0	0	0
CALRLLFTGNQFYF_CASSLKGQGNEQFF	0	0	0	0	0	0	1	0	0	0	0	0	0
CALRNNNARLMF_CASWGGTEQYF	0	0	1	0	0	0	0	0	0	0	0	0	0
CALRPSGGSNYKLTF_CASSQARDSLEQYF	0	0	0	0	0	0	1	0	0	0	0	0	0
CALSADRGSTLGRLYF_CSAPRVRNIQYF	0	1	0	0	0	0	0	0	0	0	0	0	0
CALSAGRDDKIIF_CASSLPSYEQYF	0	0	0	0	0	0	0	1	0	0	0	0	0
CALSDPVNTGNQFYF_CASRPGTGRRSNQPQHF	0	0	0	0	0	0	1	0	0	0	0	0	0
CALSDRDFGNEKLTF_CASRPRRDRGTQYF	0	0	0	0	0	0	1	0	0	0	0	0	0
CALSDSWGKLQF_CASRHGLAGTDTQYF	0	0	0	0	0	0	0	1	0	0	0	0	0
CALSEADRGSTLGRLYF_CASSPGRGRRNTEAFF	0	0	1	0	0	0	0	0	0	0	0	0	0
CALSEADRGSTLGRLYF_CASSQNPWDGYTF	0	0	0	0	0	1	0	0	0	0	0	0	0
CALSEAWAEKLVF_CASSLGEGLQETQYF	0	0	0	0	0	0	1	0	0	0	0	0	0
CALSEGGKLIF_CASSLGYGYTF	0	1	0	0	0	0	0	0	0	0	0	0	0
CALSGNTDKLIF_CASSSRVGGLREQYF	0	1	0	0	0	0	0	0	0	0	0	0	0
CALSLWNSGNTPLVF_CASSDGTGAYEQYF	0	0	0	0	0	0	0	1	0	0	0	0	0
CALYMDTGRRALTF_CASSQPDETQYF	0	1	0	0	0	0	0	0	0	0	0	0	0
CAMRDVASGGSYIPTF_CASSLEGLWNQETQYF	0	0	0	0	0	0	0	1	0	0	0	0	0
CAMREFNTGGFKTIF_CASRPTGSENQPQHF	0	0	0	0	0	1	0	0	0	0	0	0	0
CAMSAGNQAGTALIF_CASSPRGNEQYF	0	0	0	0	0	1	0	0	0	0	0	0	0
CAMSGDTGGFKTIF_CATSDSGTREDTQYF	0	0	1	0	0	0	0	0	0	0	0	0	0
CAMSGEGFSGGGADGLTF_CASSLLTGNYGYTF	0	1	0	0	0	0	0	0	0	0	0	0	0
CAMSSLMDTGRRALTF_CASSPRDTPTDTQYF	0	0	0	0	0	1	0	0	0	0	0	0	0
CAPFFGNEKLTF_CASSATPTGVRNYGYTF	0	0	0	0	0	0	1	0	0	0	0	0	0
CAPKDTDGQKLLF_CASSLDSREQFF	0	0	1	0	0	0	0	0	0	0	0	0	0
CAPLRTTSGTYKYIF_CASSTRTGMREKLFF	0	0	0	0	0	0	1	0	0	0	0	0	0
CAPPSPGGSTLGRLYF_CASSESRSQTYGYTF	0	0	0	0	0	0	1	0	0	0	0	0	0
CAPRDTGRRALTF_CASSSRDGLYGYTF	0	1	0	0	0	0	0	0	0	0	0	0	0
CAPSGYQKVTF_CASSYSTGEETQYF	0	0	1	0	0	0	0	0	0	0	0	0	0
CAPSSGGYNKLIF_CSVEQGSTEAFF	0	1	0	0	0	0	0	0	0	0	0	0	0
CARSNDYKLSF_CSARQGARNSPLHF	0	0	1	0	0	0	0	0	0	0	0	0	0
CARSNNNNDMRF_CASKPRANYGYTF	0	0	0	0	0	0	1	0	0	0	0	0	0
CASNTGKLIF_CSARASQDWAEAFF	0	0	0	0	0	0	0	0	1	0	0	0	0
CASQNRDDKIIF_CASSYSAYEQYF	0	0	1	0	0	0	0	0	0	0	0	0	0
CASRNQAGTALIF_CASSPLGAEGSNQPQHF	0	0	0	0	0	1	0	0	0	0	0	0	0
CASSLGDYKLSF_CSASRQANSPLHF	0	0	1	0	0	0	0	0	0	0	0	0	0
CATAEAGNNRKLIW_CSVEFGVATEAFF	0	0	1	0	0	0	0	0	0	0	0	0	0
CATDATGGFKTIF_CSASPPRTAIYEQYF	0	0	1	0	0	0	0	0	0	0	0	0	0
CATDDKSTF_CATLTSSGELFF	0	0	0	0	0	0	0	1	0	0	0	0	0
CATDDQAGTALIF_CATSVGSGTFYEQYF	0	0	0	0	0	1	0	0	0	0	0	0	0
CATDRGNAGKSTF_NA	0	0	0	0	0	1	0	0	0	0	0	0	0
CATDVSDGQKLLF_CASSIKGGLYNEQFF	0	0	0	0	0	0	0	1	0	0	0	0	0
CATETSGTYKYIF_NA	0	0	0	0	0	0	1	0	0	0	0	0	0
CATGLSGGSYIPTF_CASSYAVPNTEAFF	0	0	1	0	0	0	0	0	0	0	0	0	0
CATRYRVYSGGGADGLTF_CASSYKLAGDTYEQYF	0	0	0	0	0	1	0	0	0	0	0	0	0
CATVPNSGGYQKVTF_CSARGPRQGLQNTEAFF	0	1	0	0	0	0	0	0	0	0	0	0	0
CAVALSNRDDKIIF_CASSEYYRGHEQYF	0	0	1	0	0	0	0	0	0	0	0	0	0
CAVASGAGSYQLTF_CAWSVGGTGDTQYF	0	1	0	0	0	0	0	0	0	0	0	0	0
CAVEGGTSYGKLTF_CASSLDLEKLFF	0	0	0	0	0	0	0	1	0	0	0	0	0
CAVEGRDGGTSYGKLTF_CASSLGASGYYEQYF	0	1	0	0	0	0	0	0	0	0	0	0	0
CAVEHNFNKFYF_CASSQSWAGQAHPEAFF	0	0	0	0	0	1	0	0	0	0	0	0	0
CAVEIGGGKLIF_CSAREGGTGGYEQYF	0	1	0	0	0	0	0	0	0	0	0	0	0
CAVESDSGGGADGLTF_CASSFLGGAYEQYF	0	1	0	0	0	0	0	0	0	0	0	0	0
CAVFPGGTSYGKLTF_CASSPRGPTDTQYF	0	1	0	0	0	0	0	0	0	0	0	0	0
CAVGAEAAGNKLTF_CASSQDINKPNYGYTF	0	1	0	0	0	0	0	0	0	0	0	0	0
CAVGALTGGGADGLTF_CASSRGGLGTDTQYF	0	0	1	0	0	0	0	0	0	0	0	0	0
CAVGAQRPLVF_CASSPQEASYNEQFF	0	0	1	0	0	0	0	0	0	0	0	0	0
CAVGARGGGADGLTF_CSAPQGFSNQPQHF	0	0	1	0	0	0	0	0	0	0	0	0	0
CAVGESSSNTGKLIF_CSALGENTEAFF	0	0	1	0	0	0	0	0	0	0	0	0	0
CAVGGGAQKLVF_CASSSFYNSPLHF	0	0	0	0	0	0	1	0	0	0	0	0	0
CAVGGSNDYKLSF_CASSGGQSSTGELFF	0	0	1	0	0	0	0	0	0	0	0	0	0
CAVGLHSNYQLIW_CAITGFRDQPQHF	0	1	0	0	0	0	0	0	0	0	0	0	0
CAVGNGQKLLF_NA	0	0	0	0	0	0	1	0	0	0	0	0	0
CAVGNTGNQFYF_CAISASLSTDTQYF	0	0	0	0	0	0	1	0	0	0	0	0	0
CAVGPNQAGTALIF_CSAPTGTGGGTEAFF	0	0	0	0	0	0	1	0	0	0	0	0	0
CAVGSNDYKLSF_CASSVYQETQYF	0	0	1	0	0	0	0	0	0	0	0	0	0
CAVIGGGADGLTF_CASSQLGGVTDTQYF	0	1	0	0	0	0	0	0	0	0	0	0	0
CAVIKGAQKLVF_CASSSFGQGGYEQYF	0	1	0	0	0	0	0	0	0	0	0	0	0
CAVINSGGYQKVTF_CASSSDRGRGIEAFF	0	0	1	0	0	0	0	0	0	0	0	0	0
CAVIPRNNNDMRF_CASSVHTEAFF	0	1	0	0	0	0	0	0	0	0	0	0	0
CAVIRRPGGSYIPTF_CASSMVAANTDTQYF	0	0	0	0	0	0	0	1	0	0	0	0	0
CAVIRSGGSNYKLTF_CASSLVGDRENEQFF	0	0	0	0	0	1	0	0	0	0	0	0	0
CAVKAAGNKLTF_CASSLKLQGAPAF	0	1	0	0	0	0	0	0	0	0	0	0	0
CAVKGGSYIPTF_CASSVTGLSSYEQYF	0	1	0	0	0	0	0	0	0	0	0	0	0
CAVKSEWTSYDKVIF_CASSFGETQYF	0	0	0	0	0	1	0	0	0	0	0	0	0
CAVLDSNYQLIW_CASSDTSGTDTQYF	0	0	0	0	0	0	0	0	1	0	0	0	0
CAVLDSNYQLIW_CASSPHGQGHNTGELFF	0	0	0	0	0	0	0	0	1	0	0	0	0
CAVLDSNYQLIW_CSAAGLTSSYNEQFF	0	0	0	0	0	0	0	0	1	0	0	0	0
CAVMDSNYQLIW_CASRTSGDTGELFF	0	0	0	0	0	0	0	0	1	0	0	0	0
CAVMDSNYQLIW_CASSDELAGGDEQFF	0	0	0	0	0	0	0	0	1	0	0	0	0
CAVMDSNYQLIW_CASSETSGRATDTQYF	0	0	0	0	0	0	0	0	1	0	0	0	0
CAVMDSNYQLIW_CASSQGGTGVEKLFF	0	0	0	0	0	0	0	0	1	0	0	0	0
CAVMDSNYQLIW_CASSYSGTGGYEQYF	0	0	0	0	0	0	0	0	1	0	0	0	0
CAVMDSNYQLIW_CSARAGDTEAFF	0	0	0	0	0	0	0	0	1	0	0	0	0
CAVMDSNYQLIW_CSARDPGQGASPLHF	0	0	0	0	0	0	0	0	1	0	0	0	0
CAVMDSSYKLIF_CASSDSASGGYNEQFF	0	0	0	0	0	0	0	0	1	0	0	0	0
CAVMDSSYKLIF_CASSETSGSTDTQYF	0	0	0	0	0	0	0	0	1	0	0	0	0
CAVMDSSYKLIF_CASSQDPGSGANVLTF	0	0	0	0	0	0	0	0	1	0	0	0	0
CAVMGTGGFKTIF_CASSEDRGIAKNIQYF	0	0	0	0	0	0	1	0	0	0	0	0	0
CAVNAAGGYNKLIF_CATSDGSTDTQYF	0	1	0	0	0	0	0	0	0	0	0	0	0
CAVNAPSGGNKLVF_CASRERDGYTGELFF	0	0	1	0	0	0	0	0	0	0	0	0	0
CAVNARSSASKIIF_CASSQDGGDRALPFYNEQFF	0	0	0	0	0	0	1	0	0	0	0	0	0
CAVNDYKLSF_CASSMDRGNQPQHF	0	0	0	0	0	1	0	0	0	0	0	0	0
CAVNIAGGTSYGKLTF_CASSSGATGNTIYF	0	0	1	0	0	0	0	0	0	0	0	0	0
CAVNIYYGNNRLAF_CASGLGGQGLREQYF	0	0	0	0	0	1	0	0	0	0	0	0	0
CAVNMNRDDKIIF_CASSVAAVNEKLFF	0	0	1	0	0	0	0	0	0	0	0	0	0
CAVNPYRGSTLGRLYF_CAWSWTGGETQYF	0	0	1	0	0	0	0	0	0	0	0	0	0
CAVNRSNDYKLSF_CASRRARGEKLFF	0	0	0	0	0	0	1	0	0	0	0	0	0
CAVNSNNFNKFYF_CASSPSGRETQYF	0	0	0	0	0	0	1	0	0	0	0	0	0
CAVNSNSGYALNF_CASSLPRTINEQFF	0	0	0	0	0	0	0	1	0	0	0	0	0
CAVNSWTGTASKLTF_CASSLAGGRYDTQYF	0	0	1	0	0	0	0	0	0	0	0	0	0
CAVNTGAGNQFYF_CASSVASGGKGYTF	0	0	0	0	0	0	0	1	0	0	0	0	0
CAVNTGGFKTIF_CASTIGLAGGRDEQFF	0	0	0	0	0	1	0	0	0	0	0	0	0
CAVNVGRAAGNKLTF_CASSLGDRDDEQFF	0	0	1	0	0	0	0	0	0	0	0	0	0
CAVNYGQNFVF_CASRPWTGEETQYF	0	0	0	0	0	0	1	0	0	0	0	0	0
CAVPSGSRLTF_CASSPHIANTGELFF	0	0	0	0	0	0	1	0	0	0	0	0	0
CAVPYNTDKLIF_CASSLSRANEQYF	0	0	1	0	0	0	0	0	0	0	0	0	0
CAVQAGRETSGSRLTF_CASKRAGASYGYTF	0	1	0	0	0	0	0	0	0	0	0	0	0
CAVQAQVDGGATNKLIF_CSARDRDRVKNIQYF	0	0	0	0	0	1	0	0	0	0	0	0	0
CAVQGAQKLVF_CASSSPTGLGYGYTF	0	0	0	0	0	1	0	0	0	0	0	0	0
CAVQGYDNFNKFYF_CASSRELGSPLHF	0	0	1	0	0	0	0	0	0	0	0	0	0
CAVQRGSGNTGKLIF_CASSPGPRATEAFF	0	0	1	0	0	0	0	0	0	0	0	0	0
CAVRAVRNNNDMRF_CSARGGGPGNTIYF	0	1	0	0	0	0	0	0	0	0	0	0	0
CAVRDEAAGNKLTF_CSARIRGLETQYF	0	0	0	0	0	1	0	0	0	0	0	0	0
CAVRDGDYKLSF_CASSDSGSGGGEQFF	0	0	0	0	0	0	0	0	1	0	0	0	0
CAVRDLGLEKSGGSYIPTF_CASSLALPQFF	0	1	0	0	0	0	0	0	0	0	0	0	0
CAVRDNYGQNFVF_CSASKTSEQYF	0	1	0	0	0	0	0	0	0	0	0	0	0
CAVRDPSNDYKLSF_CASRREAGNQPQHF	0	1	0	0	0	0	0	0	0	0	0	0	0
CAVRDRGFKTIF_CASSLGGNHEQYF	0	0	0	0	0	1	0	0	0	0	0	0	0
CAVRDRGTGGFKTIF_CASGFPEGEQYF	0	1	0	0	0	0	0	0	0	0	0	0	0
CAVRDRSGNTGKLIF_CSASRTGGSYEQYF	0	0	1	0	0	0	0	0	0	0	0	0	0
CAVRDSDYKLSF_CASSDSSGSGTDTQYF	0	0	0	0	0	0	0	0	1	0	0	0	0
CAVRDSNYQLIW_CASSYGTSTDTQYF	0	0	0	0	0	0	0	0	1	0	0	0	0
CAVRFISGGYNKLIF_CASSVSDLVSGEQYF	0	0	0	0	0	0	0	1	0	0	0	0	0
CAVRGGGNTPLVF_CASTPGYRLNTEAFF	0	0	1	0	0	0	0	0	0	0	0	0	0
CAVRGGMTGYSTLTF_CASSLTGGQGTFSTDTQYF	0	0	0	0	0	1	0	0	0	0	0	0	0
CAVRGSLGGTSYGKLTF_CASSGTGGRTEAFF	0	1	0	0	0	0	0	0	0	0	0	0	0
CAVRGSSSNTGKLIF_CASSFRDRATVEAFF	0	0	0	0	0	0	1	0	0	0	0	0	0
CAVRGVNFGNEKLTF_CASSQGQQYEQYF	0	1	0	0	0	0	0	0	0	0	0	0	0
CAVRGYQKVTF_CSALWLRVEDEQFF	0	0	0	0	0	1	0	0	0	0	0	0	0
CAVRLDSNYQLIW_CASSLAGQRPAFF	0	0	0	0	0	1	0	0	0	0	0	0	0
CAVRPGTGRRALTF_CASSSPTGTNTGELFF	0	1	0	0	0	0	0	0	0	0	0	0	0
CAVRREETSGSRLTF_CASSLSQGPGELFF	0	1	0	0	0	0	0	0	0	0	0	0	0
CAVRSSSGGGADGLTF_CASVNRGSTEAFF	0	1	0	0	0	0	0	0	0	0	0	0	0
CAVRSTYNFNKFYF_CASSQNSGASSGANVLTF	0	0	1	0	0	0	0	0	0	0	0	0	0
CAVRTGTSGAQKLVF_CASSQPGALNTEAFF	0	0	1	0	0	0	0	0	0	0	0	0	0
CAVRVRNTDKLIF_NA	0	0	0	0	0	1	0	0	0	0	0	0	0
CAVSANNNDMRF_CASSLAPRHTGELFF	0	0	0	0	0	0	1	0	0	0	0	0	0
CAVSASNTGGFKTIF_CAWSVQGGPHNEQFF	0	1	0	0	0	0	0	0	0	0	0	0	0
CAVSDAAAGNKLTF_CASSYSSRHGYTF	0	0	0	0	0	1	0	0	0	0	0	0	0
CAVSDGGNTGKLIF_CASSQLRGDTQYF	0	1	0	0	0	0	0	0	0	0	0	0	0
CAVSDQGGKLIF_CASSSTALTEAFF	0	0	0	0	0	0	1	0	0	0	0	0	0
CAVSDRGNTPLVF_CASSLTPRGQETQYF	0	0	0	0	0	1	0	0	0	0	0	0	0
CAVSDRGYQKVTF_CSAPASGLGEQFF	0	0	1	0	0	0	0	0	0	0	0	0	0
CAVSDVGTSGSRLTF_CSAHLLSGGNRRETQYF	0	1	0	0	0	0	0	0	0	0	0	0	0
CAVSEDTGGFKTIF_CASSSTDRAGKAFF	0	0	0	0	0	0	1	0	0	0	0	0	0
CAVSEPSGSARQLTF_CASSDRPGNTIYF	0	0	0	0	0	0	1	0	0	0	0	0	0
CAVSETGGGNKLTF_CASSLALARSTDTQYF	0	0	0	0	0	0	0	1	0	0	0	0	0
CAVSGGGSYIPTF_CASSLRDREGGEQYF	0	0	1	0	0	0	0	0	0	0	0	0	0
CAVSGGTSGSRLTF_CASSQEGDGYNEQFF	0	0	0	0	0	0	0	1	0	0	0	0	0
CAVSGPQGGSEKLVF_CASSLTGTSGGFEQYF	0	1	0	0	0	0	0	0	0	0	0	0	0
CAVSGPSGGYNKLIF_CASSFHPEKFF	0	1	0	0	0	0	0	0	0	0	0	0	0
CAVSPAVGHTGFQKLVF_CASRPFRESSYNEQFF	0	0	0	0	0	0	1	0	0	0	0	0	0
CAVSPKETSGSRLTF_CASSLRGGTGYSGELFF	0	1	0	0	0	0	0	0	0	0	0	0	0
CAVSPNSGGYQKVTF_CASSYSQGLGNSPLHF	0	0	1	0	0	0	0	0	0	0	0	0	0
CAVSPSGGSNYKLTF_CATSDVRQNGTYEQYF	0	0	0	0	0	0	1	0	0	0	0	0	0
CAVSSGGSYIPTF_CASSQPRGETYEQYF	0	1	0	0	0	0	0	0	0	0	0	0	0
CAVSSIDNFNKFYF_CASSSPSGGSYEQYF	0	0	0	0	0	0	1	0	0	0	0	0	0
CAVSSLSGGYNKLIF_CASSWDRGRVHNEQFF	0	0	0	0	0	0	1	0	0	0	0	0	0
CAVSVRAAGNKLTF_CSARDPRPGGGIFRDEQFF	0	1	0	0	0	0	0	0	0	0	0	0	0
CAVTGDTGNQFYF_CASSRGQGAYEQYF	0	1	0	0	0	0	0	0	0	0	0	0	0
CAVTLSYNTDKLIF_CASRTRSYGVIQQETQYF	0	0	0	0	0	0	0	0	0	0	1	0	0
CAVTMIKAAGNKLTF_CASSLPTGGHMNTEAFF	0	0	1	0	0	0	0	0	0	0	0	0	0
CAVTRLYSSASKIIF_CASSLVLSGGEYEQYF	0	0	0	0	0	1	0	0	0	0	0	0	0
CAVTSNAGNMLTF_CASSHGQGRSYEQYF	0	0	1	0	0	0	0	0	0	0	0	0	0
CAVTTSGTYKYIF_CASSTQRTANYGYTF	0	1	0	0	0	0	0	0	0	0	0	0	0
CAVTTTDSWGKFQF_CASSYSGQLNTEAFF	0	1	0	0	0	0	0	0	0	0	0	0	0
CAVTYGSSGSARQLTF_CASSYFLSGANVLTF	0	1	0	0	0	0	0	0	0	0	0	0	0
CAVVGGTSYGKLTF_CASSRSEGARPLHF	0	0	1	0	0	0	0	0	0	0	0	0	0
CAVVGVSGGYNKLIF_CASSDRQGAYTEAFF	0	1	0	0	0	0	0	0	0	0	0	0	0
CAVVIASGSRLTF_CASSLGGIRNTIYF	0	1	0	0	0	0	0	0	0	0	0	0	0
CAVVYSGAGSYQLTF_CASSVAGSSYEQYF	0	1	0	0	0	0	0	0	0	0	0	0	0
CAVYNDMRF_CASSVNKKSETPNTEAFF	0	0	0	0	0	1	0	0	0	0	0	0	0
CAYGDWGTGTASKLTF_CASSPRLAGGETQYF	0	0	0	0	0	0	1	0	0	0	0	0	0
CAYQGDYGGSQGNLIF_CASSYSSGDQPQHF	0	0	1	0	0	0	0	0	0	0	0	0	0
CAYRATGNQFYF_CASRVQGALTDTQYF	0	1	0	0	0	0	0	0	0	0	0	0	0
CAYRSGVRAGTASKLTF_CASSLKGLVAEAFF	0	0	1	0	0	0	0	0	0	0	0	0	0
CAYRTYKYIF_CASNLGGGMNTEAFF	0	0	0	0	0	0	0	1	0	0	0	0	0
CCEDDSWGKLQF_CASSLTANTGELFF	0	0	0	0	0	1	0	0	0	0	0	0	0
CGAATVGNQFYF_CASSLLASSYNEQFF	0	0	1	0	0	0	0	0	0	0	0	0	0
CGDKLIF_CASSPGLRTGELFF	0	1	0	0	0	0	0	0	0	0	0	0	0
CGGSGNTGKLIF_CASSQGVVIGTGGYEQYF	0	0	0	0	0	0	0	1	0	0	0	0	0
CGIQGAQKLVF_CASSLTRTEAFF	0	0	1	0	0	0	0	0	0	0	0	0	0
CGTDGEDGGSQGNLIF_CASTEVWGSTYEQYF	0	0	0	0	0	0	0	0	0	0	1	0	0
CGTESGNFNKFYF_CASSYSGSGPGANVLTF	0	1	0	0	0	0	0	0	0	0	0	0	0
CGTGTDSWGKLQF_CASSRTGTGVNEQFF	0	0	0	0	0	1	0	0	0	0	0	0	0
CICRSWGKLQF_CASSLGAPTEAFF	0	0	0	0	0	0	0	1	0	0	0	0	0
CILRDATSGTYKYIF_CASGTGDQETQYF	0	0	0	0	0	0	1	0	0	0	0	0	0
CILRVAGGTSYGKLTF_CASSPPGLAGVIEQFF	0	0	1	0	0	0	0	0	0	0	0	0	0
CILRVPGNQFYF_CSARDRYSLNEKLFF	0	1	0	0	0	0	0	0	0	0	0	0	0
CIPAPLGFGNVLHC_CASSFTTGANVLTF	0	0	0	0	0	1	0	0	0	0	0	0	0
CIPGDFGNEKLTF_CSATGLAASPYEQYF	0	1	0	0	0	0	0	0	0	0	0	0	0
CIVPRAGNMLTF_CASSQEPTGDYWFYEQYF	0	0	0	0	0	1	0	0	0	0	0	0	0
CIVRARPGNAQKLVF_CSAPGAYEQYF	0	0	1	0	0	0	0	0	0	0	0	0	0
CIVRGANAGGTSYGKLTF_CASSLQFGGAPMNTEAFF	0	0	0	0	0	0	1	0	0	0	0	0	0
CIVRVAGGGADGLTF_CASSWSGGVTGELFF	0	0	1	0	0	0	0	0	0	0	0	0	0
CIVRVAGGNAGNMLTF_CSAADLRNEQFF	0	0	0	0	0	0	1	0	0	0	0	0	0
CIVRVATDKLIF_CASSQFLAGEENEQFF	0	1	0	0	0	0	0	0	0	0	0	0	0
CIVRVDTNAGKSTF_CATSDFPHNEQFF	0	0	1	0	0	0	0	0	0	0	0	0	0
CIVRVRMNTGFQKLVF_CASSPRDRGYEQYF	0	1	0	0	0	0	0	0	0	0	0	0	0
CLVGDSHGYQLIW_CASSPKGGGLSSYEQYF	0	0	0	0	0	0	0	1	0	0	0	0	0
CSRYAGNNRKLIW_CATSDFGQGSTGEQFF	0	0	0	0	0	0	1	0	0	0	0	0	0
CVEEDYGGSQGNLIF_CASSTLPPTANYGYTF	0	0	0	0	0	0	0	1	0	0	0	0	0
CVFMDSNYQLIW_CATSSGTDYNEQFF	0	0	0	0	0	0	0	0	1	0	0	0	0
CVVKVGGGNDYKLSF_CASRDGSSYNSPLHF	0	0	0	0	0	0	0	0	0	0	1	0	0
CVVNGEGFQKLVF_CASSLGGFNGELFF	0	0	0	0	0	1	0	0	0	0	0	0	0
CVVNGQKLLF_CASRKRDGNTEAFF	0	0	0	0	0	1	0	0	0	0	0	0	0
CVVNIGYSSASKIIF_CASSRAQGDTEAFF	0	0	1	0	0	0	0	0	0	0	0	0	0
CVVNIPLKGFKTIF_CASRPSWGSNEQFF	0	0	0	0	0	0	1	0	0	0	0	0	0
CVVNTGFQKLVF_CSAHGGGNSGNTIYF	0	0	1	0	0	0	0	0	0	0	0	0	0
CVVNWDTGNQFYF_CASSRPLNLNYGYTF	0	0	0	0	0	0	1	0	0	0	0	0	0
CVVNWGGKLIF_CASSLGGGGQETQYF	0	0	0	0	0	0	0	1	0	0	0	0	0
CVVRRQTGFQKLVF_CASSQDQRGPYNEQFF	0	0	1	0	0	0	0	0	0	0	0	0	0
CVVRSTDSWGKLQF_CATSDGDSYYNEQFF	0	1	0	0	0	0	0	0	0	0	0	0	0
CVVSADQAGTALIF_CASSEERSYEQYF	0	1	0	0	0	0	0	0	0	0	0	0	0
CVVSAGPYGGSQGNLIF_CASSPPGGPLHF	0	1	0	0	0	0	0	0	0	0	0	0	0
CVVSAGRGNNRLAF_CASSPGVAVSSYNEQFF	0	0	0	0	0	1	0	0	0	0	0	0	0
CVVSAPNEKLTF_CSATPGGQETQYF	0	0	0	0	0	0	1	0	0	0	0	0	0
CVVSEGGYQKVTF_CASSFGTDTQYF	0	0	0	0	0	0	0	1	0	0	0	0	0
CVVSELRRALTF_CSVERNNEQFF	0	0	0	0	0	1	0	0	0	0	0	0	0
CVVSETGGFKTIF_CASSRTGSTTEAFF	0	0	0	0	0	0	1	0	0	0	0	0	0
CVVSRYSGGGADGLTF_CASSINGGRKDEQFF	0	0	0	0	0	1	0	0	0	0	0	0	0
CVVSVTGTASKLTF_CASSLAPSPSYNEQFF	0	0	1	0	0	0	0	0	0	0	0	0	0
CVVTGTTSGTYKYIF_CASSYSGEQYF	0	0	1	0	0	0	0	0	0	0	0	0	0
CVVTPFSGGYNKLIF_CASSGAGAYNEQFF	0	0	1	0	0	0	0	0	0	0	0	0	0
CVVTRGGGGKLIF_CASSLGLGTLSYEQYF	0	0	0	0	0	0	1	0	0	0	0	0	0
CVVTYTSGTYKYIF_CASSPLKDEKLFF	0	0	0	0	0	0	0	0	0	0	1	0	0
CVVWKNKLIF_CASSISRDRINYGYTF	0	0	1	0	0	0	0	0	0	0	0	0	0
NA_CASGFPDTQYF	0	0	0	0	0	1	0	0	0	0	0	0	0
NA_CASGGGNTIYF	0	0	0	0	0	0	0	0	0	0	1	0	0
NA_CASGPTGGSTYNSPLHF	0	1	0	0	0	0	0	0	0	0	0	0	0
NA_CASNDEITNEKLFF	0	1	0	0	0	0	0	0	0	0	0	0	0
NA_CASNPRQGVDYEQYF	0	0	0	0	0	0	0	0	1	0	0	0	0
NA_CASNQGSSNQPQHF	0	1	0	0	0	0	0	0	0	0	0	0	0
NA_CASRAGRTSPLHF	0	0	0	0	0	0	1	0	0	0	0	0	0
NA_CASRESHLNEKLFF	0	1	0	0	0	0	0	0	0	0	0	0	0
NA_CASRGTGGAFNYGYTF	0	0	0	0	0	1	0	0	0	0	0	0	0
NA_CASRPLARTGELFF	0	0	1	0	0	0	0	0	0	0	0	0	0
NA_CASSAHGSYRATDTQYF	0	0	0	0	0	1	0	0	0	0	0	0	0
NA_CASSDSKQGSSGANVLTF	0	0	0	0	0	0	0	0	2	0	0	0	0
NA_CASSFFGIDTEAFF	0	0	1	0	0	0	0	0	0	0	0	0	0
NA_CASSFKGLNTEAFF	0	0	1	0	0	0	0	0	0	0	0	0	0
NA_CASSFQGAGSYGYTF	0	1	0	0	0	0	0	0	0	0	0	0	0
NA_CASSFSGRFEQFF	0	0	1	0	0	0	0	0	0	0	0	0	0
NA_CASSFTRMNTEAFF	0	0	0	0	0	0	0	0	0	0	1	0	0
NA_CASSHTSVGPGANVLTF	0	0	0	0	0	1	0	0	0	0	0	0	0
NA_CASSLAAGGLSGELFF	0	0	0	0	0	1	0	0	0	0	0	0	0
NA_CASSLEAQAFGTEAFF	0	0	1	0	0	0	0	0	0	0	0	0	0
NA_CASSLGGQETQYF	0	1	0	0	0	0	0	0	0	0	0	0	0
NA_CASSLSWGRGKNQPQHF	0	0	0	0	0	0	1	0	0	0	0	0	0
NA_CASSLTGTGGNQPQHF	0	0	0	0	0	0	0	0	0	0	1	0	0
NA_CASSNTGTGNTEAFF	0	1	0	0	0	0	0	0	0	0	0	0	0
NA_CASSPGQANEQFF	0	0	0	0	0	1	0	0	0	0	0	0	0
NA_CASSPLTGAPIQVAKNIQYF	0	1	0	0	0	0	0	0	0	0	0	0	0
NA_CASSPSRAEQFF	0	0	0	0	0	1	0	0	0	0	0	0	0
NA_CASSQDGITSGANVLTF	0	0	0	0	0	0	0	0	1	0	0	0	0
NA_CASSQDYPGQVNYEQYF	0	1	0	0	0	0	0	0	0	0	0	0	0
NA_CASSQEGSEDSISTLYGYTF	0	0	0	0	0	1	0	0	0	0	0	0	0
NA_CASSQGQGISNQPQHF	0	0	1	0	0	0	0	0	0	0	0	0	0
NA_CASSSYPTGEKLFF	0	1	0	0	0	0	0	0	0	0	0	0	0
NA_CASSTTGTKDMVWGEQYF	0	0	0	0	0	1	0	0	0	0	0	0	0
NA_CASSYSAAHTGELFF	0	0	0	0	0	0	0	0	1	0	0	0	0
NA_CASTIGMGNQPQHF	0	0	0	0	0	1	0	0	0	0	0	0	0
NA_CASTPLPPGQSPLHF	0	0	0	0	0	1	0	0	0	0	0	0	0
NA_CASVSRTDTQYF	0	1	0	0	0	0	0	0	0	0	0	0	0
NA_CATSDTMSGRDRNEQFF	0	0	1	0	0	0	0	0	0	0	0	0	0
NA_CATSPGISSYNEQFF	0	1	0	0	0	0	0	0	0	0	0	0	0
NA_CSAPDGYEQYF	0	0	0	0	0	0	1	0	0	0	0	0	0
NA_CSARNPNMNTEAFF	0	0	0	0	0	0	0	0	1	0	0	0	0
NA_CSRFMDSGSSYEQYF	0	0	0	0	0	1	0	0	0	0	0	0	0
