genes;avg_log2FC;p_val;adj.P.Val;pct.1;pct.2;tested_cluster;control_cluster;min.pct
LYZ;12,4386464163147;2,55226392324456e-168;3,48843433029067e-164;0,996;0,007;0;All_Others;0,75
FCN1;9,99034908119053;2,0051921913487e-162;2,7406966871354e-158;0,971;0,007;0;All_Others;0,75
S100A9;10,4797149183428;3,53302657723368e-161;4,82894072576299e-157;0,982;0,026;0;All_Others;0,75
S100A8;11,0688629606984;7,85814091607276e-159;1,07405070040883e-154;0,971;0,024;0;All_Others;0,75
CST3;6,33120019382371;5,28890172049758e-158;7,22887087157609e-154;0,993;0,044;0;All_Others;0,75
VCAN;8,2546332345341;6,98612808844209e-155;9,54863987128265e-151;0,953;0,022;0;All_Others;0,75
MNDA;8,13836118643556;6,21779799621404e-152;8,49848630122535e-148;0,931;0,011;0;All_Others;0,75
SPI1;5,7896969255098;1,78532168015278e-144;2,44017767243283e-140;0,949;0,068;0;All_Others;0,75
TYROBP;4,33857543756967;1,16816868467169e-142;1,59665295820927e-138;0,993;0,09;0;All_Others;0,75
SERPINA1;11,9648174411456;2,5235685800354e-140;3,44921353519239e-136;0,863;0;0;All_Others;0,75
CSF3R;7,0845017211176;1,06119008650457e-138;1,45043461023445e-134;0,874;0,009;0;All_Others;0,75
LST1;5,79843566721835;1,34946310701059e-138;1,84444617466208e-134;0,931;0,075;0;All_Others;0,75
TYMP;5,2509159504216;2,94464025979899e-138;4,02473430709325e-134;0,964;0,129;0;All_Others;0,75
S100A12;10,6429098314309;9,96031962010402e-138;1,36137648567582e-133;0,856;0,004;0;All_Others;0,75
TNFAIP2;8,07295370084058;1,10000059593621e-134;1,50348081452561e-130;0,848;0,007;0;All_Others;0,75
AIF1;4,5933411837384;7,66028707924895e-132;1,04700803799175e-127;0,986;0,232;0;All_Others;0,75
CSTA;9,74050872092693;3,32627249234384e-129;4,54634924253555e-125;0,812;0,002;0;All_Others;0,75
MS4A6A;6,33030866353688;3,04239587702274e-128;4,15834668471468e-124;0,827;0,007;0;All_Others;0,75
CD14;9,52220376147568;6,31402285515629e-128;8,63000643842762e-124;0,809;0,004;0;All_Others;0,75
LGALS1;4,33541069974395;5,8243544391575e-127;7,96072764744047e-123;0,96;0,178;0;All_Others;0,75
LILRB2;7,07399231246392;9,78410165469443e-127;1,33729101416363e-122;0,823;0,017;0;All_Others;0,75
CEBPD;4,34090963364249;3,74580627060021e-126;5,11976801065637e-122;0,942;0,101;0;All_Others;0,75
CTSS;4,25071568742411;8,06048549321955e-126;1,10170715721325e-121;0,986;0,314;0;All_Others;0,75
FOS;4,81100762083077;6,06939332622756e-124;8,29564679828783e-120;0,989;0,377;0;All_Others;0,75
NCF2;7,43712033744118;6,8457020204298e-124;9,35670552152345e-120;0,801;0,011;0;All_Others;0,75
CYBB;4,36823840200937;3,97284612977744e-120;5,4300860901798e-116;0,903;0,094;0;All_Others;0,75
FPR1;11,0272893730538;3,02648656470896e-118;4,1366018366442e-114;0,755;0;0;All_Others;0,75
CD36;5,54598887715843;1,15203489053636e-117;1,57460128838509e-113;0,787;0,015;0;All_Others;0,75
CFD;6,72286055165541;1,22904275065444e-117;1,67985563159449e-113;0,791;0,024;0;All_Others;0,75
HCK;5,92577651183433;1,70961028768503e-117;2,3366953412079e-113;0,798;0,024;0;All_Others;0,75
LRP1;7,47992733873944;3,49362449089096e-117;4,77508595414976e-113;0,762;0,006;0;All_Others;0,75
S100A6;3,44256070090411;4,45990535279022e-116;6,09579863619367e-112;0,993;0,82;0;All_Others;0,75
PSAP;3,40479353724695;2,02378827609094e-115;2,7661138157611e-111;0,989;0,539;0;All_Others;0,75
FTL;3,06611398515893;1,10710911195677e-114;1,51319673422252e-110;0,996;0,958;0;All_Others;0,75
CD68;4,3462990422861;7,84362750646292e-114;1,07206700758335e-109;0,809;0,029;0;All_Others;0,75
MPEG1;5,11709553719274;3,49659479666362e-113;4,77914576807984e-109;0,798;0,033;0;All_Others;0,75
GPX1;2,29158896566806;8,84731217208436e-113;1,20925062768049e-108;0,989;0,439;0;All_Others;0,75
S100A4;2,81998284188243;1,19140578359121e-112;1,62841342501247e-108;0,996;0,64;0;All_Others;0,75
S100A11;3,22665284242701;1,65882509029438e-112;2,26728213341436e-108;0,989;0,493;0;All_Others;0,75
GRN;4,2406523692015;4,87463418269662e-112;6,66265000090975e-108;0,874;0,134;0;All_Others;0,75
CTSD;5,09771567604276;3,67678974686448e-111;5,02543622601437e-107;0,809;0,051;0;All_Others;0,75
FGR;3,72129625096224;2,75786055052573e-110;3,76944380045857e-106;0,888;0,101;0;All_Others;0,75
FCER1G;3,204344959168;3,18379137087763e-108;4,35160604571555e-104;0,924;0,116;0;All_Others;0,75
COTL1;2,76166525617485;2,22201931837628e-104;3,0370560043567e-100;0,978;0,594;0;All_Others;0,75
CFP;4,49597096972044;1,82560176972929e-103;2,49523249886599e-99;0,805;0,088;0;All_Others;0,75
BRI3;3,42916895738381;1,6243275225458e-102;2,2201308578156e-98;0,931;0,325;0;All_Others;0,75
STXBP2;4,4809743197522;4,95847015722753e-102;6,77723701089859e-98;0,827;0,108;0;All_Others;0,75
TSPO;2,92282212569575;5,34650976567255e-101;7,30760954772125e-97;0,971;0,583;0;All_Others;0,75
GSTP1;3,04723564485163;1,11928164738715e-100;1,52983415564876e-96;0,953;0,452;0;All_Others;0,75
DUSP1;3,082959855674;7,34226673019418e-99;1,00354101668294e-94;0,975;0,458;0;All_Others;0,75
LGALS3;4,56875992003834;7,51757607029252e-99;1,02750229728758e-94;0,762;0,061;0;All_Others;0,75
FTH1;1,94846392509726;3,1221533817643e-98;4,26735924219544e-94;0,993;0,963;0;All_Others;0,75
RNF130;3,90139300481006;2,58028339559192e-93;3,52673134509504e-89;0,805;0,132;0;All_Others;0,75
APLP2;3,52037002794839;3,05057483146088e-92;4,16952567964074e-88;0,841;0,165;0;All_Others;0,75
ANXA5;3,4499568916293;5,19856808649034e-91;7,105402860615e-87;0,834;0,16;0;All_Others;0,75
GAPDH;1,73034151816008;1,24278486803412e-89;1,69863835762903e-85;0,989;0,873;0;All_Others;0,75
MYO1F;3,16625214065751;2,65378964093644e-88;3,62719968123192e-84;0,848;0,167;0;All_Others;0,75
ANXA2;3,08912437581581;4,73740532377078e-87;6,4750855965299e-83;0,856;0,2;0;All_Others;0,75
TALDO1;2,78141752172198;2,77475800932027e-84;3,79253924713894e-80;0,899;0,379;0;All_Others;0,75
SH3BGRL3;1,46560792368667;3,45616577775478e-84;4,72388738503524e-80;0,996;0,917;0;All_Others;0,75
ZEB2;3,28072727988816;5,58678077759006e-83;7,6360119668101e-79;0,787;0,123;0;All_Others;0,75
S100A10;2,2172473343849;1,01867631610162e-82;1,3923267888477e-78;0,971;0,726;0;All_Others;0,75
FCGRT;3,43281239947179;4,28825708212441e-82;5,86118977984765e-78;0,794;0,184;0;All_Others;0,75
OAZ1;1,34728337843702;5,32096448945341e-82;7,27269426418493e-78;0,986;0,893;0;All_Others;0,75
SAT1;2,46457376241036;5,58645507951853e-81;7,63556680268593e-77;0,931;0,471;0;All_Others;0,75
PTPRE;3,46070138510192;3,48940373977235e-80;4,76931703152085e-76;0,758;0,125;0;All_Others;0,75
ATP5F1E;1,17257471882539;2,59611463975309e-78;3,54836948961452e-74;0,993;0,949;0;All_Others;0,75
GABARAP;1,94618057379217;7,9382658029484e-78;1,08500216994699e-73;0,953;0,792;0;All_Others;0,75
PYCARD;3,10713440383773;8,30550124018098e-78;1,13519590950794e-73;0,827;0,261;0;All_Others;0,75
JAML;3,05007729475916;1,58633217988953e-76;2,16819882347302e-72;0,816;0,208;0;All_Others;0,75
TKT;2,46162587200139;7,92674656433765e-75;1,08342772041367e-70;0,895;0,509;0;All_Others;0,75
LYST;3,32129676181134;1,22105476801965e-74;1,66893765692925e-70;0,758;0,145;0;All_Others;0,75
CTSB;2,91761635033933;2,90825963221362e-74;3,97500926530958e-70;0,794;0,215;0;All_Others;0,75
FGF23;2,17347771444668;4,97235117590828e-74;6,79620958723144e-70;0,949;0,623;0;All_Others;0,75
AP1S2;3,19698789947914;1,38609680448815e-72;1,8945171123744e-68;0,758;0,186;0;All_Others;0,75
TNFRSF1B;3,02901240299945;2,71362283623666e-71;3,70897969256827e-67;0,773;0,184;0;All_Others;0,75
CYBA;1,32521356437729;1,74298243878e-69;2,3823083973245e-65;0,986;0,881;0;All_Others;0,75
CTSZ;2,84696387261842;8,5535083056022e-69;1,16909351520971e-64;0,773;0,199;0;All_Others;0,75
AHNAK;2,15204844331541;9,71270604269954e-69;1,32753266191617e-64;0,931;0,436;0;All_Others;0,75
AL359976.1;2,06006378681088;1,40128148075787e-66;1,91527152789986e-62;0,928;0,439;0;All_Others;0,75
EFHD2;2,04744178892637;4,66133398854024e-66;6,3711112955368e-62;0,859;0,294;0;All_Others;0,75
AP2S1;2,23917569526481;2,42606377578225e-65;3,31594396873918e-61;0,841;0,353;0;All_Others;0,75
RAC1;2,07184154704721;3,80205883949844e-65;5,19665402182647e-61;0,881;0,524;0;All_Others;0,75
LSP1;1,38901842865498;1,52846092456927e-64;2,08910039170128e-60;0,978;0,835;0;All_Others;0,75
SERF2;0,999374581018094;1,35562131681229e-62;1,85286321581903e-58;0,996;0,939;0;All_Others;0,75
GNAI2;1,51897602271658;1,87426813300442e-62;2,56174968419045e-58;0,939;0,767;0;All_Others;0,75
MYL6;1,10620225932663;2,3726662009501e-62;3,24296016345859e-58;0,971;0,903;0;All_Others;0,75
FOSB;2,86945980567902;2,75901276726317e-62;3,7710186502953e-58;0,812;0,314;0;All_Others;0,75
MT-ND4;1,02744139321368;1,5759736375043e-61;2,15404076774087e-57;1;0,994;0;All_Others;0,75
VIM;1,29496240446089;2,39518215275786e-61;3,27373496638944e-57;0,993;0,903;0;All_Others;0,75
ITGB2;1,40374758480426;1,03801180202027e-59;1,4187545310013e-55;0,953;0,713;0;All_Others;0,75
ELOB;1,59811168781467;2,34421672710598e-59;3,20407542260845e-55;0,942;0,767;0;All_Others;0,75
IL17RA;2,41277247510349;2,46901933130506e-59;3,37465562202776e-55;0,809;0,318;0;All_Others;0,75
ATP6V0B;2,27454029849948;8,80865333137434e-59;1,20396673733225e-54;0,83;0,353;0;All_Others;0,75
MT-ND2;1,06105985786176;1,32262646054099e-57;1,80776584626742e-53;0,996;0,994;0;All_Others;0,75
KLF6;1,78502354385314;2,92581872300319e-55;3,99900903060076e-51;0,924;0,57;0;All_Others;0,75
FLNA;1,46832790015763;7,03060834250044e-54;9,6094354825296e-50;0,892;0,447;0;All_Others;0,75
H3-3A;1,15929993098986;2,56233270658393e-52;3,50219634335891e-48;0,96;0,851;0;All_Others;0,75
VSIR;1,82011779901421;9,3070020353933e-52;1,27208103819756e-47;0,881;0,526;0;All_Others;0,75
LRRFIP1;1,50976632697227;9,35728211570799e-51;1,27895331957497e-46;0,946;0,656;0;All_Others;0,75
GLIPR1;2,06013890435608;1,44316492603848e-50;1,97251782090939e-46;0,776;0,283;0;All_Others;0,75
TCIRG1;2,24180273324596;1,72463089252437e-50;2,35722550390231e-46;0,776;0,292;0;All_Others;0,75
CARD16;2,18571559202894;4,16099044881043e-50;5,6872417454341e-46;0,765;0,305;0;All_Others;0,75
TLN1;1,22344439208144;1,38958163927171e-49;1,89928018455658e-45;0,877;0,452;0;All_Others;0,75
SRGN;1,39153716109529;1,80260944270227e-49;2,46380658628546e-45;0,899;0,483;0;All_Others;0,75
LAMTOR4;1,72372936935368;2,31751781552104e-49;3,16758335025416e-45;0,892;0,579;0;All_Others;0,75
PKM;1,2443529947532;7,31342450734024e-49;9,99598861663263e-45;0,917;0,684;0;All_Others;0,75
MT-ND1;0,843691588911221;4,14750875763307e-48;5,66881496993287e-44;0,996;0,993;0;All_Others;0,75
WDR74;2,35071304992839;3,20998324833848e-47;4,38740510382903e-43;0,794;0,399;0;All_Others;0,75
ACTB;0,596576944743537;3,95652199041103e-46;5,4077742564938e-42;1;0,989;0;All_Others;0,75
MACROH2A1;2,00587447197259;6,68157491254957e-45;9,13237659047275e-41;0,755;0,355;0;All_Others;0,75
MCL1;1,81601473330185;7,7194007601103e-45;1,05508769589188e-40;0,834;0,487;0;All_Others;0,75
LTA4H;1,88890892655509;9,2031647571649e-42;1,2578885590093e-37;0,776;0,386;0;All_Others;0,75
IQGAP1;1,65937593340269;1,27231936175743e-41;1,73900610365006e-37;0,809;0,404;0;All_Others;0,75
SAMHD1;1,52966882037508;1,92545360765563e-41;2,63170999094372e-37;0,856;0,561;0;All_Others;0,75
VASP;1,7808393175717;1,06032681888702e-40;1,44925469605479e-36;0,765;0,353;0;All_Others;0,75
HLA-DRB1;1,09160264667298;1,93193029958993e-40;2,64056233347952e-36;0,791;0,211;0;All_Others;0,75
CAST;1,63044539917687;3,69198460279313e-40;5,04620455509765e-36;0,816;0,441;0;All_Others;0,75
LCP1;1,27896992667166;2,00414736713785e-39;2,73926862140401e-35;0,899;0,711;0;All_Others;0,75
ARPC1B;1,4521388784448;8,7676649349663e-38;1,19836444331119e-33;0,819;0,504;0;All_Others;0,75
C1orf162;1,72938005257613;1,01475160071908e-36;1,38696248786284e-32;0,758;0,404;0;All_Others;0,75
COX8A;1,40964004342018;2,7579832483049e-36;3,76961150378314e-32;0,848;0,55;0;All_Others;0,75
GRB2;1,58759798262726;3,37150777023461e-36;4,60817682035667e-32;0,794;0,461;0;All_Others;0,75
TMSB10;0,541571064219954;4,73471891506321e-36;6,47141381310839e-32;0,996;0,969;0;All_Others;0,75
CSTB;1,67597403576972;7,39521063158049e-36;1,01077738912442e-31;0,758;0,454;0;All_Others;0,75
TPI1;1,37995904031654;1,89917459611927e-35;2,59579183797582e-31;0,834;0,561;0;All_Others;0,75
VAMP8;1,4275800834607;2,12541044787617e-35;2,90501100015715e-31;0,827;0,568;0;All_Others;0,75
CLIC1;1,13182117285217;4,9726076687546e-35;6,79656016165378e-31;0,91;0,583;0;All_Others;0,75
RHOG;1,57831925597667;7,90530625456081e-35;1,08049725887337e-30;0,762;0,447;0;All_Others;0,75
SERPINB1;1,60334207570519;5,43955107775473e-33;7,43477841307517e-29;0,758;0,438;0;All_Others;0,75
GNB2;1,25204025507734;4,76249863402485e-32;6,50938313298517e-28;0,834;0,581;0;All_Others;0,75
CALM2;1,09402283525973;1,58539224536542e-31;2,16691412096546e-27;0,884;0,807;0;All_Others;0,75
FKBP1A;1,41728712941442;9,48107308940892e-31;1,29587306986041e-26;0,765;0,533;0;All_Others;0,75
GNG5;1,36990796009483;3,35756441963859e-30;4,58911904876202e-26;0,791;0,526;0;All_Others;0,75
NDUFB1;1,29389813012286;1,11456538261042e-29;1,52338796495192e-25;0,823;0,531;0;All_Others;0,75
ARRB2;1,42353697360802;1,86562775298367e-28;2,54994001277809e-24;0,769;0,45;0;All_Others;0,75
ALDOA;1,28356604469397;4,04753021573212e-28;5,53216429886266e-24;0,794;0,619;0;All_Others;0,75
ANXA1;1,17062111185411;8,72452656651483e-28;1,19246829111125e-23;0,805;0,45;0;All_Others;0,75
TPM3;0,882340377007101;1,89002726653734e-27;2,58328926790324e-23;0,903;0,84;0;All_Others;0,75
IER2;1,00510024440065;6,43676169951164e-27;8,7977658908925e-23;0,949;0,785;0;All_Others;0,75
ENO1;1,05028354893947;6,65371843043464e-27;9,09430235071807e-23;0,848;0,713;0;All_Others;0,75
ATP5MPL;1,2463117395334;2,22357001454215e-26;3,03917549587621e-22;0,805;0,601;0;All_Others;0,75
ZYX;1,11136445211766;1,65961718344303e-25;2,26836476632994e-21;0,805;0,54;0;All_Others;0,75
ZFP36;1,10476723759124;3,81336089095639e-25;5,2121016657592e-21;0,866;0,721;0;All_Others;0,75
ARPC3;0,862585805444549;1,89510289812775e-24;2,59022664116101e-20;0,917;0,809;0;All_Others;0,75
EMP3;0,889517518579551;3,05469835710407e-24;4,17516171448985e-20;0,924;0,818;0;All_Others;0,75
ACTR2;1,18681721088821;2,50025747667736e-23;3,41735191912262e-19;0,765;0,546;0;All_Others;0,75
UQCR11;0,850241653733169;2,72989667722393e-23;3,73122277842967e-19;0,903;0,822;0;All_Others;0,75
MTDH;1,1151184605021;1,66086382120865e-21;2,27006867082799e-17;0,758;0,539;0;All_Others;0,75
UQCRQ;1,22955617004786;1,88973099208661e-21;2,58288431998397e-17;0,773;0,529;0;All_Others;0,75
COX5B;0,924132382395998;5,19826939667641e-21;7,10499461137732e-17;0,83;0,693;0;All_Others;0,75
SRRM2;0,913222411064135;5,80537699874689e-21;7,93478928188726e-17;0,845;0,669;0;All_Others;0,75
COX6B1;0,751045686925173;5,84292727685723e-21;7,98611300200846e-17;0,87;0,796;0;All_Others;0,75
ATP5MC2;0,644108022145049;1,65779098043754e-20;2,26586871206203e-16;0,949;0,906;0;All_Others;0,75
SERP1;0,839959430310898;4,59631967235619e-19;6,28224972817644e-15;0,863;0,726;0;All_Others;0,75
ARPC2;0,625905674308023;8,86707834791715e-19;1,21195226859332e-14;0,935;0,886;0;All_Others;0,75
ATP5ME;0,896885375148098;1,12818580882344e-18;1,54200436349988e-14;0,841;0,695;0;All_Others;0,75
RHOA;0,647239658544165;1,32997648943486e-18;1,81781186575956e-14;0,924;0,869;0;All_Others;0,75
ATP5MF;1,01170165405488;3,7163824701487e-18;5,07955156019925e-14;0,751;0,614;0;All_Others;0,75
ARPC5;0,790887926284862;4,445804610599e-17;6,07652574176671e-13;0,819;0,7;0;All_Others;0,75
TUBA1A;1,22837904363587;3,63714065501541e-16;4,97124384727506e-12;0,758;0,608;0;All_Others;0,75
NDUFA1;0,855140397038056;5,514743112741e-16;7,5375508864944e-12;0,791;0,686;0;All_Others;0,75
MTRNR2L1;0,644748960819832;3,96909066427261e-15;5,4249531199278e-11;0,953;0,897;0;All_Others;0,75
POLR2L;0,972556330043934;5,14712259453812e-15;7,03508716221471e-11;0,758;0,57;0;All_Others;0,75
MSN;0,748771841402155;7,68192614273683e-15;1,04996566518927e-10;0,773;0,607;0;All_Others;0,75
GRK2;0,983105930121413;2,16459705492976e-14;2,95857125467799e-10;0,765;0,605;0;All_Others;0,75
PTPN6;0,738883756697673;2,20121464598021e-13;3,00862017812575e-09;0,787;0,601;0;All_Others;0,75
PSMA7;0,822440434608594;6,52781510918144e-13;8,9222176912292e-09;0,769;0,634;0;All_Others;0,75
CD44;0,677333497823325;1,77145594357175e-12;2,42122598367386e-08;0,816;0,682;0;All_Others;0,75
YWHAB;0,584564306541222;1,80982222717618e-12;2,4736650201044e-08;0,852;0,814;0;All_Others;0,75
HIGD2A;0,78356020402949;2,35766025142205e-12;3,22245003164366e-08;0,787;0,653;0;All_Others;0,75
CDC42;0,696641334996266;8,40128520815032e-11;1,14828766224999e-06;0,758;0,658;0;All_Others;0,75
GPX4;0,627671982322258;3,71717411041413e-10;5,08063357411403e-06;0,791;0,733;0;All_Others;0,75
RPL7;0,675691461347365;8,91707072447856e-10;1,21878522662173e-05;0,755;0,643;0;All_Others;0,75
GMFG;0,569482656282918;1,0616664819425e-09;1,45108574751901e-05;0,892;0,798;0;All_Others;0,75
JUN;0,561024816050381;2,73289418020744e-08;0,000373531976550752;0,87;0,792;0;All_Others;0,75
CAP1;0,581300312714388;3,82127889681144e-08;0,000522292399616188;0,776;0,711;0;All_Others;0,75
UBL5;0,519805687874412;6,40222448518107e-08;0,000875056042634549;0,838;0,756;0;All_Others;0,75
RPL23;0,506481037440739;6,918488203393e-07;0,00945618967639755;0,845;0,796;0;All_Others;0,75
RPS14;0,994285028126719;4,86081171581899e-69;6,6437574531814e-65;1;0,962;1;All_Others;0,75
RPS15A;1,02984312499765;1,39149806202079e-66;1,90189955117001e-62;1;0,973;1;All_Others;0,75
LEF1;2,02264106494702;1,69615169101395e-66;2,31830013127786e-62;0,923;0,225;1;All_Others;0,75
RPL30;0,987309492780494;1,76117285672169e-66;2,4071710605672e-62;1;0,957;1;All_Others;0,75
RPL32;1,00713958803916;3,04477050642045e-66;4,16159232817547e-62;1;0,968;1;All_Others;0,75
RPS27;1,13103205071904;1,37140494140466e-65;1,87443627391189e-61;1;0,957;1;All_Others;0,75
RPL35A;0,883911513817546;6,9368821907858e-64;9,48133057836604e-60;1;0,963;1;All_Others;0,75
RPS3A;1,00503338048758;7,33004760021564e-63;1,00187090599747e-58;1;0,965;1;All_Others;0,75
RPL34;0,848023101982413;2,80573795056307e-61;3,83488263082961e-57;1;0,967;1;All_Others;0,75
TCF7;1,91394855345564;3,29713656087934e-60;4,50652625140988e-56;0,954;0,346;1;All_Others;0,75
RPS25;1,09373913692215;1,58100172485861e-59;2,16091315753675e-55;1;0,952;1;All_Others;0,75
RPL11;0,835783332385163;7,60790132874638e-59;1,03984795361306e-54;1;0,976;1;All_Others;0,75
RPL37;0,832269594514255;5,39912331520544e-58;7,3795217472228e-54;1;0,965;1;All_Others;0,75
RPS12;1,04541376804251;1,0273208287372e-57;1,404142108718e-53;1;0,962;1;All_Others;0,75
RPS13;0,792072314023474;3,54948062444299e-57;4,85143011748868e-53;1;0,955;1;All_Others;0,75
RPL19;0,841300586868894;5,62294749407882e-57;7,68544463490693e-53;1;0,968;1;All_Others;0,75
RPL39;0,744146391538687;2,18821763309007e-56;2,99085586090751e-52;1;0,962;1;All_Others;0,75
RPS28;0,738199207608679;8,19178179679276e-56;1,11965273598564e-51;1;0,962;1;All_Others;0,75
RPS27A;0,933789491947982;1,25849635865893e-55;1,72011282301502e-51;1;0,962;1;All_Others;0,75
RPL5;0,969426326155465;3,6492066075768e-54;4,98773559123597e-50;1;0,931;1;All_Others;0,75
EEF1B2;1,16649896221875;4,33010376774926e-54;5,91838582975969e-50;1;0,871;1;All_Others;0,75
CCR7;1,9412670219998;1,75230307563712e-53;2,39504784378082e-49;0,897;0,289;1;All_Others;0,75
RPL10;0,919796929572508;2,07399113152597e-53;2,83473107856969e-49;1;0,971;1;All_Others;0,75
RPS8;0,826929101097382;4,35167460939695e-53;5,94786885612375e-49;1;0,962;1;All_Others;0,75
RPL13;0,865193628715794;7,53000835449651e-53;1,02920154189258e-48;1;0,974;1;All_Others;0,75
RPS21;0,863852384602076;3,47644604114032e-52;4,75160644903059e-48;1;0,967;1;All_Others;0,75
SARAF;1,32093773962879;1,0214367529144e-51;1,3960997538834e-47;0,995;0,766;1;All_Others;0,75
RPS3;0,967445287580688;1,27350036963912e-51;1,74062030522275e-47;1;0,959;1;All_Others;0,75
RPS23;0,865720852408418;1,67053674932632e-51;2,28328962897921e-47;1;0,952;1;All_Others;0,75
RPS5;1,12004059288821;1,97403192200907e-51;2,698106831002e-47;1;0,879;1;All_Others;0,75
RPL14;0,961838342693645;3,21378482148272e-51;4,39260109400259e-47;1;0,943;1;All_Others;0,75
EEF1A1;0,715302743142431;5,81182459883834e-51;7,94360186169224e-47;1;0,979;1;All_Others;0,75
TPT1;0,796285862883044;2,94729251774523e-50;4,02835941325418e-46;1;0,971;1;All_Others;0,75
CD3E;1,56642651617765;5,54860744308798e-49;7,58383665321266e-45;0,979;0,346;1;All_Others;0,75
RPL3;1,03074134367664;6,18290840692953e-49;8,45079921059128e-45;1;0,922;1;All_Others;0,75
RPL24;0,824584403417861;1,6984904831895e-48;2,3214967924234e-44;1;0,919;1;All_Others;0,75
RPS6;0,920623212376603;5,6155713189872e-48;7,6753628787917e-44;1;0,951;1;All_Others;0,75
CD27;1,7817939475355;9,94729238610497e-48;1,35959592333283e-43;0,845;0,258;1;All_Others;0,75
CAMK4;1,74488243392405;1,93103893785215e-47;2,63934402025631e-43;0,773;0,217;1;All_Others;0,75
RPS4X;0,884683998890357;3,62170163170703e-47;4,95014179021716e-43;1;0,952;1;All_Others;0,75
RPL36;0,819096467597649;4,07516493934316e-47;5,56993543909423e-43;1;0,952;1;All_Others;0,75
RPL29;0,779186104444481;4,92829567414242e-47;6,73599452741786e-43;1;0,951;1;All_Others;0,75
RPS18;0,943798817030948;6,87644291091034e-46;9,39872217063226e-42;1;0,96;1;All_Others;0,75
RPS15;0,697341893304578;1,03130393905924e-45;1,40958622390617e-41;1;0,976;1;All_Others;0,75
RPL41;0,676485212660174;1,09110240117084e-45;1,4913187619203e-41;1;0,971;1;All_Others;0,75
RPS16;0,854444101430797;1,45117636013507e-45;1,98346784903261e-41;1;0,931;1;All_Others;0,75
RPL18;0,750805184214541;5,86654961993035e-45;8,01840002052081e-41;1;0,97;1;All_Others;0,75
RPL22;0,859616233671778;6,93940569671736e-44;9,48477970627329e-40;1;0,922;1;All_Others;0,75
RPS29;0,927662458801384;1,28929284057968e-43;1,76220545450431e-39;1;0,92;1;All_Others;0,75
CD3D;1,52580849202897;1,74226744580457e-43;2,38133114492569e-39;0,933;0,309;1;All_Others;0,75
NPM1;1,18186760675813;1,78834963994484e-42;2,44431628787661e-38;0,995;0,753;1;All_Others;0,75
NACA;0,749772143617156;4,16868609244095e-42;5,69776015114829e-38;1;0,949;1;All_Others;0,75
CD3G;1,5932053202392;3,55263545162256e-41;4,85574213527772e-37;0,84;0,278;1;All_Others;0,75
RPL10A;0,891006876072674;4,54246393116859e-41;6,20863970112123e-37;1;0,895;1;All_Others;0,75
NOSIP;1,36088365927881;6,18171463923772e-40;8,44916756891012e-36;0,954;0,475;1;All_Others;0,75
RACK1;0,677073748243529;4,56132864641925e-38;6,23442399392583e-34;1;0,949;1;All_Others;0,75
RPS7;0,636708017666463;7,50515177845618e-38;1,02580414507939e-33;1;0,957;1;All_Others;0,75
RPL28;0,616798030558511;8,22588497308841e-38;1,12431395812172e-33;1;0,971;1;All_Others;0,75
TOMM7;0,945028349748441;1,10634212007159e-37;1,51214840971384e-33;1;0,887;1;All_Others;0,75
TLE5;1,07805405508961;1,43244985425611e-37;1,95787246079725e-33;0,99;0,742;1;All_Others;0,75
RPL18A;0,740359883014515;3,93595177970862e-37;5,37965889250574e-33;1;0,959;1;All_Others;0,75
RPL4;0,786356669473459;8,03592794404265e-37;1,09835063139175e-32;1;0,922;1;All_Others;0,75
LAT;1,39092007534953;8,95446616406477e-37;1,22389643530437e-32;0,871;0,333;1;All_Others;0,75
RPL6;0,628315052413618;1,42004978596262e-36;1,94092404745371e-32;1;0,954;1;All_Others;0,75
RPLP2;0,618135109641769;2,27130970925278e-35;3,1044261106067e-31;1;0,955;1;All_Others;0,75
PIK3IP1;1,53390333865559;7,17161875048893e-35;9,80216850816827e-31;0,758;0,273;1;All_Others;0,75
CD7;1,08910266799925;2,23228015795112e-33;3,0510805198876e-29;0,876;0,325;1;All_Others;0,75
CD247;1,14152410987638;4,17396690420191e-33;5,70497796466318e-29;0,82;0,297;1;All_Others;0,75
IFITM1;0,999256301916058;1,6632611873977e-32;2,27334539093518e-28;0,979;0,427;1;All_Others;0,75
ETS1;1,17192762184122;4,95414885426119e-32;6,7713306540042e-28;0,918;0,461;1;All_Others;0,75
IL7R;0,996564042679283;7,26470097150364e-32;9,92939328785118e-28;0,912;0,327;1;All_Others;0,75
RPL8;0,605490046403699;3,96886455754619e-31;5,42464407725413e-27;1;0,965;1;All_Others;0,75
RPL38;0,753067343691425;4,42054151460496e-31;6,04199614216206e-27;0,995;0,896;1;All_Others;0,75
SELL;0,986323636318783;5,45496377628366e-31;7,45584448942451e-27;0,974;0,606;1;All_Others;0,75
LCK;1,26418067878028;8,88547176204242e-31;1,21446628043596e-26;0,845;0,349;1;All_Others;0,75
RPS4Y1;0,842401250770295;9,80094031686002e-31;1,33959252250843e-26;0,995;0,836;1;All_Others;0,75
EVL;1,02305006901816;1,16566431697985e-30;1,59322998844806e-26;0,964;0,561;1;All_Others;0,75
C12orf57;1,13733086116993;3,87111693733556e-30;5,29104262995024e-26;0,974;0,593;1;All_Others;0,75
NOP53;1,03465664060563;1,21040078748109e-29;1,65437579632915e-25;0,948;0,716;1;All_Others;0,75
RPSA;0,834777794631195;1,50998277674619e-29;2,0638444592567e-25;0,995;0,858;1;All_Others;0,75
GIMAP7;1,02728438450982;2,93965135046138e-29;4,01791546581062e-25;0,959;0,625;1;All_Others;0,75
EEF2;0,667458357499568;5,54218372379133e-29;7,575056713678e-25;1;0,927;1;All_Others;0,75
NDFIP1;1,21756996930739;1,46383900205744e-28;2,00077514801211e-24;0,856;0,483;1;All_Others;0,75
RPS19;0,654589116866809;2,30763259192517e-28;3,15407222664333e-24;1;0,955;1;All_Others;0,75
LBH;1,27265054504809;3,9738318823537e-28;5,43143341680104e-24;0,82;0,344;1;All_Others;0,75
RPL12;0,572997886306087;6,29619904556752e-27;8,60564485548169e-23;1;0,963;1;All_Others;0,75
RPL31;0,703111066771229;1,4018645476332e-26;1,91606846370505e-22;1;0,885;1;All_Others;0,75
RPL7A;0,572885617516302;1,44894584023611e-26;1,98041917443471e-22;1;0,939;1;All_Others;0,75
PABPC1;0,548745983624448;9,09598082173274e-26;1,24323865871443e-21;1;0,967;1;All_Others;0,75
LEPROTL1;1,11065506353849;1,43731833752411e-25;1,96452670372795e-21;0,845;0,44;1;All_Others;0,75
BTG1;0,788694792152217;3,66658107211726e-25;5,01148300936988e-21;0,99;0,882;1;All_Others;0,75
RPS9;0,528069925148922;9,34368389895426e-25;1,27709471530907e-20;0,995;0,947;1;All_Others;0,75
RPLP0;0,639355804077918;1,46129041937898e-24;1,99729174520719e-20;1;0,951;1;All_Others;0,75
GYPC;1,19965114654903;1,71907340801255e-24;2,34962953407156e-20;0,825;0,431;1;All_Others;0,75
RPS2P5;0,749200454694793;6,80269537975571e-24;9,29792404505011e-20;0,974;0,82;1;All_Others;0,75
HSPA8;0,796332084695448;9,58358198795125e-24;1,30988398611318e-19;0,985;0,727;1;All_Others;0,75
EIF3E;1,01263043179352;2,74290241473735e-23;3,74899902046301e-19;0,912;0,662;1;All_Others;0,75
BTF3;0,637885132187751;9,19777486472808e-23;1,25715186851103e-18;1;0,874;1;All_Others;0,75
RPL37A;0,523388232331423;2,20095351242018e-22;3,0082632607759e-18;1;0,936;1;All_Others;0,75
EEF1D;0,583117316653444;5,40789088550105e-22;7,39150526230283e-18;0,995;0,939;1;All_Others;0,75
RPL35;0,562502868171138;8,76336934961912e-22;1,19777732270594e-17;1;0,925;1;All_Others;0,75
LTB;0,605945929530908;1,23722092406539e-21;1,69103355901258e-17;0,99;0,534;1;All_Others;0,75
FCMR;0,777631983786202;2,33955406995302e-21;3,19770250281179e-17;0,851;0,388;1;All_Others;0,75
RGS10;0,698055330262057;8,62869612436178e-21;1,17937018627777e-16;0,851;0,482;1;All_Others;0,75
MZT2B;0,911965234735111;5,11671297090511e-20;6,9935232886331e-16;0,902;0,67;1;All_Others;0,75
IL32;0,514918658857911;1,42298381284211e-19;1,94493427539259e-15;0,964;0,37;1;All_Others;0,75
ST13;1,07069728483884;1,61077893144767e-19;2,20161264350267e-15;0,809;0,522;1;All_Others;0,75
TMEM123;1,08528733907765;2,85752869815502e-19;3,90567022463828e-15;0,789;0,488;1;All_Others;0,75
ANP32B;0,870131605254491;4,36737309366396e-19;5,96932554441989e-15;0,887;0,624;1;All_Others;0,75
RPL27;0,525085356256391;1,90697591782231e-18;2,60645468447953e-14;1;0,915;1;All_Others;0,75
SNRPD2;0,721671414703931;1,49959441769958e-17;2,04964565011179e-13;0,959;0,745;1;All_Others;0,75
SEPTIN1;0,978767536765255;2,10994870572075e-17;2,88387789097912e-13;0,768;0,423;1;All_Others;0,75
SOD1;0,896529869357692;2,65459004162113e-17;3,62829366888776e-13;0,82;0,522;1;All_Others;0,75
RPL23A;0,600254802733871;4,77293169530874e-17;6,52364304114799e-13;0,99;0,861;1;All_Others;0,75
RPL13A;0,517944322353764;8,557626502598e-17;1,1696563903751e-12;0,99;0,92;1;All_Others;0,75
RPL21;0,807784756412736;1,05895914576869e-16;1,44738536043664e-12;0,943;0,702;1;All_Others;0,75
HINT1;0,666157891379892;1,79186194608679e-16;2,44911690791143e-12;0,974;0,812;1;All_Others;0,75
ARL4C;0,538707659292526;9,70074546218092e-16;1,32589788977089e-11;0,784;0,383;1;All_Others;0,75
H4C3;0,780231293326386;3,08921513691629e-15;4,22233924913719e-11;0,876;0,596;1;All_Others;0,75
COX7C;0,550792783805773;3,89056021440687e-15;5,31761770105131e-11;0,979;0,874;1;All_Others;0,75
ADD3;0,845366682069673;4,97667447360279e-15;6,8021186705203e-11;0,804;0,542;1;All_Others;0,75
UXT;0,820335311156928;1,07217491613721e-14;1,46544867537634e-10;0,851;0,593;1;All_Others;0,75
FYB1;0,647917800942774;4,33552153789165e-14;5,92579083799031e-10;0,969;0,727;1;All_Others;0,75
NSA2;0,795059430637414;6,89470501665278e-14;9,42368281676103e-10;0,804;0,533;1;All_Others;0,75
EIF3H;0,694604541171638;1,55814635867172e-13;2,12967444303251e-09;0,897;0,679;1;All_Others;0,75
TRAF3IP3;0,57898009401262;1,79044497048674e-13;2,44718018566128e-09;0,959;0,702;1;All_Others;0,75
KLF2;0,521448664446721;4,46624211652697e-13;6,10445972486907e-09;0,985;0,844;1;All_Others;0,75
EIF3F;0,57905187977516;6,87801469263854e-13;9,40087048189836e-09;0,954;0,754;1;All_Others;0,75
TBC1D10C;0,662341688280385;9,2388004601909e-13;1,26275924689889e-08;0,835;0,517;1;All_Others;0,75
SSR2;0,583890699162888;2,92678461796018e-12;4,00032921582798e-08;0,912;0,665;1;All_Others;0,75
RBL2;0,608472851671935;3,34825099233212e-12;4,57638945631954e-08;0,804;0,494;1;All_Others;0,75
MIF;0,567235629386819;5,64430589302223e-12;7,71463729458279e-08;0,928;0,719;1;All_Others;0,75
LINC00869;0,720337579090961;7,83146620631111e-12;1,0704048010786e-07;0,809;0,566;1;All_Others;0,75
UQCRB;0,534540437122477;5,71714587565861e-11;7,81419498285018e-07;0,959;0,828;1;All_Others;0,75
EIF4B;0,656234429147075;1,92755277611336e-10;2,63457913439174e-06;0,84;0,601;1;All_Others;0,75
SUN2;0,547791968415689;3,36268820950951e-10;4,5961222447576e-06;0,794;0,542;1;All_Others;0,75
RPS26;0,536518587866105;5,16122918421969e-10;7,05436804899147e-06;0,892;0,738;1;All_Others;0,75
EIF4A2;0,610595639728316;7,91484866258562e-10;1,0818015152022e-05;0,814;0,558;1;All_Others;0,75
ACAP1;0,546325996970131;8,9873618566217e-10;1,22839261856305e-05;0,789;0,509;1;All_Others;0,75
CCND3;0,518892574905599;1,3242588356007e-09;1,80999697649904e-05;0,856;0,627;1;All_Others;0,75
RPS20;0,531079553729408;3,01133243254856e-09;4,11588916880737e-05;0,923;0,745;1;All_Others;0,75
NDUFA4;0,530081954703197;6,58213119563758e-09;8,99645691819744e-05;0,897;0,648;1;All_Others;0,75
HNRNPA0;0,582870164906969;8,30533769631996e-09;0,000113517355633301;0,784;0,55;1;All_Others;0,75
SEPTIN9;0,528349734441359;1,69079425423048e-08;0,000231097758668222;0,851;0,643;1;All_Others;0,75
RPL36A;0,543059397890704;2,2703245669253e-08;0,00031030796180735;0,835;0,692;1;All_Others;0,75
FAM107B;0,53667601013219;3,62613481181974e-08;0,000495620106079523;0,773;0,506;1;All_Others;0,75
SMDT1;0,565320327524294;3,94900859981313e-08;0,000539750495422459;0,856;0,644;1;All_Others;0,75
SKP1;0,527457032920286;2,46497012033342e-07;0,00336912116047172;0,851;0,718;1;All_Others;0,75
IL7R;1,5849062524665;3,45982430892592e-18;4,72888786543994e-14;0,823;0,418;2;All_Others;0,75
IL32;1,22568316675858;7,38683099589192e-15;1,00963206051851e-10;0,792;0,473;2;All_Others;0,75
B2M;0,571308799851948;1,7749377496716e-11;2,42598491625115e-07;0,969;0,997;2;All_Others;0,75
TCF7;0,886026307111933;1,05080074092476e-09;1,43623445269596e-05;0,802;0,448;2;All_Others;0,75
LTB;1,20982689464113;1,85396814093846e-08;0,000253400365503468;0,781;0,623;2;All_Others;0,75
HLA-E;0,948843132426342;2,18426405252073e-08;0,000298545210698534;0,958;0,946;2;All_Others;0,75
MT-ND5;0,708756622253554;2,8255355024524e-08;0,000386194192475194;0,979;0,986;2;All_Others;0,75
MT-CYB;0,692751863435273;4,04362604113966e-08;0,000552682807302969;1;1;2;All_Others;0,75
ETS1;1,0989636120963;5,82956288997424e-08;0,00079678465580168;0,771;0,542;2;All_Others;0,75
GSTK1;0,912757256980924;1,58481587243206e-07;0,00216612633444014;0,76;0,717;2;All_Others;0,75
CD3E;0,737884065486177;3,41282187584224e-07;0,00466464493990118;0,771;0,459;2;All_Others;0,75
TAGLN2;1,63230214805164;4,71293751895099e-07;0,00644164300090221;0,792;0,73;2;All_Others;0,75
EVL;0,704249270431506;7,18404871621458e-07;0,00981915778532209;0,865;0,629;2;All_Others;0,75
MT-ND6;0,938717646428168;1,38320035736453e-06;0,0189055824844584;0,885;0,764;2;All_Others;0,75
MTRNR2L12;0,609616225929813;2,02977669977869e-06;0,0277429879325752;1;0,999;2;All_Others;0,75
MS4A1;10,5429837029414;1,02916538069071e-164;1,40666324232807e-160;0,943;0,003;3;All_Others;0,75
IGHM;12,5943428467823;2,82284073026713e-164;3,85825871012912e-160;0,931;0,001;3;All_Others;0,75
BANK1;7,92433716962436;9,03534267095817e-139;1,23495063626656e-134;0,885;0,015;3;All_Others;0,75
FCER2;8,66448509147872;3,07691075396278e-134;4,20552161851633e-130;0,805;0,005;3;All_Others;0,75
CD79A;7,8753211799151;1,46310478815835e-132;1,99977162445483e-128;0,931;0,031;3;All_Others;0,75
NIBAN3;7,07284739918875;3,62724008021329e-131;4,95771174163553e-127;0,908;0,027;3;All_Others;0,75
CD79B;5,5512521140032;4,14097386251459e-100;5,65988307528494e-96;0,908;0,072;3;All_Others;0,75
RALGPS2;5,26470943987979;1,37684550260598e-98;1,88187243296186e-94;0,862;0,057;3;All_Others;0,75
AFF3;4,47924318098195;3,64358067643514e-77;4,98004606855155e-73;0,816;0,083;3;All_Others;0,75
HLA-DQB1;3,97575962539815;9,566525606815e-75;1,30755271993947e-70;0,966;0,173;3;All_Others;0,75
NAA35;4,24380025660775;1,28528165310953e-70;1,75672296347011e-66;0,805;0,098;3;All_Others;0,75
HVCN1;4,01606541003556;3,98715054393014e-65;5,44963736344371e-61;0,908;0,173;3;All_Others;0,75
IRF8;3,59153268259378;2,35379119790509e-56;3,21716180929667e-52;0,793;0,12;3;All_Others;0,75
HLA-DMA;2,81525083719881;3,39403792765415e-54;4,63897103951769e-50;0,954;0,225;3;All_Others;0,75
HLA-DQA1;3,06327871250592;1,07661537263798e-53;1,47151789132158e-49;1;0,369;3;All_Others;0,75
HLA-DRB1;2,78005000249149;1,61188812499769e-52;2,20312868924684e-48;0,977;0,339;3;All_Others;0,75
HLA-DPB1;2,61026077554005;9,07090721992038e-50;1,23981159881872e-45;0,977;0,341;3;All_Others;0,75
HLA-DPA1;2,65700702243224;9,33919939055446e-50;1,27648177270098e-45;0,966;0,332;3;All_Others;0,75
MEF2C;2,86208810947449;2,50599664263365e-49;3,42519621115168e-45;0,92;0,23;3;All_Others;0,75
CD74;3,55524020003023;5,52336148981079e-49;7,54933048427339e-45;1;0,837;3;All_Others;0,75
CD37;2,37042125782998;1,04941840256311e-46;1,43434507262326e-42;1;0,892;3;All_Others;0,75
HLA-DRB3;2,45382065507679;1,13280123975889e-42;1,54831273450245e-38;0,782;0,161;3;All_Others;0,75
SNX2;2,38048031511534;2,97980916223304e-34;4,07280316294011e-30;0,851;0,305;3;All_Others;0,75
HLA-DRA;1,82091732921984;2,28366174062429e-29;3,12130886708528e-25;0,77;0,208;3;All_Others;0,75
NAPSB;1,83370400490006;1,5418989216844e-28;2,10746744615824e-24;0,805;0,219;3;All_Others;0,75
FCMR;1,92476723549573;3,82342021733708e-25;5,22585075305632e-21;0,897;0,45;3;All_Others;0,75
PRKCB;1,50956026648946;1,00932804960427e-22;1,37954957819912e-18;0,874;0,437;3;All_Others;0,75
LTB;1,21935327022638;7,47123874543013e-22;1,02116891172539e-17;0,977;0,602;3;All_Others;0,75
REL;1,88031589738589;2,90330998918236e-20;3,96824409321445e-16;0,793;0,365;3;All_Others;0,75
CD52;0,994169328706567;2,13133446977988e-19;2,91310795329515e-15;0,966;0,888;3;All_Others;0,75
EZR;1,63304345027036;4,42623893526916e-19;6,04978337672589e-15;0,828;0,444;3;All_Others;0,75
MT-ND4L;0,818309880833334;8,19075572159969e-16;1,11951249202825e-11;1;0,929;3;All_Others;0,75
LAPTM5;0,864373262626324;9,64845923107415e-16;1,31875140770322e-11;0,954;0,917;3;All_Others;0,75
SNX3;1,44376993838303;2,88627537763862e-15;3,94496118615647e-11;0,805;0,541;3;All_Others;0,75
SELL;0,978712945320545;3,05380370168981e-14;4,17393889946963e-10;0,954;0,662;3;All_Others;0,75
RPL18A;0,583942104617674;1,4670429523052e-13;2,00515430721075e-09;0,977;0,967;3;All_Others;0,75
SEC62;1,1715172426176;4,12145712214486e-13;5,6332075945476e-09;0,839;0,542;3;All_Others;0,75
CD81;1,27830086725543;6,03309234635e-13;8,24603061899118e-09;0,77;0,477;3;All_Others;0,75
SP100;1,29157547994449;6,33556907499006e-13;8,65945581169642e-09;0,805;0,523;3;All_Others;0,75
POU2F2;1,06695500737188;1,6007084065108e-12;2,18784825001896e-08;0,793;0,39;3;All_Others;0,75
PLCG2;0,832813393017926;2,12875390851153e-12;2,90958084215356e-08;0,759;0,395;3;All_Others;0,75
MT-CO2;0,523785806391056;1,81855851717797e-11;2,48560578127885e-07;1;1;3;All_Others;0,75
BTG1;0,830100559529252;2,55897268583614e-11;3,49760386700084e-07;0,954;0,902;3;All_Others;0,75
LIMD2;0,750564360654666;4,59564350546695e-11;6,28132554327222e-07;0,954;0,88;3;All_Others;0,75
FOXP1;1,21120577087817;4,68113223178419e-11;6,39817153440263e-07;0,77;0,503;3;All_Others;0,75
TAGLN2;0,656148399984812;1,0382190383119e-10;1,4190377815647e-06;0,897;0,718;3;All_Others;0,75
MT-ND6;0,785190739590222;5,0782183438584e-10;6,94090883238566e-06;0,954;0,757;3;All_Others;0,75
ZFP36L1;0,955943855161921;6,5237885819921e-10;8,91671423386681e-06;0,885;0,737;3;All_Others;0,75
RCSD1;0,843292868302357;1,08553681657358e-09;1,48371172089276e-05;0,897;0,685;3;All_Others;0,75
PTPN6;0,993835811610256;1,77168286500768e-09;2,4215361398925e-05;0,874;0,639;3;All_Others;0,75
CD53;0,99978751030881;7,32582002689085e-09;0,000100129308127544;0,828;0,621;3;All_Others;0,75
SMAP2;0,738284622558292;4,22033253274835e-08;0,000576835050576044;0,885;0,677;3;All_Others;0,75
UCP2;0,849789943312455;1,40159071228897e-07;0,00191569418555657;0,839;0,67;3;All_Others;0,75
RPS5;0,547627993826916;1,69107895408896e-07;0,00231136671444879;0,943;0,903;3;All_Others;0,75
GDI2;0,782786404525716;5,21478029059448e-07;0,00712756170118454;0,816;0,583;3;All_Others;0,75
SEPTIN6;0,641052396374938;9,44851529694486e-07;0,0129142307078642;0,759;0,526;3;All_Others;0,75
RPSA;0,507100647942378;1,30646757209039e-06;0,0178567987753315;0,966;0,881;3;All_Others;0,75
CD8B;4,86024697529665;7,67221196054574e-113;1,04863793076739e-108;0,986;0,055;4;All_Others;0,75
CD8A;3,59267080739357;1,12651396363735e-82;1,53971928549953e-78;0,945;0,082;4;All_Others;0,75
NELL2;2,43022517943365;6,15125885082035e-38;8,40754059730126e-34;0,767;0,144;4;All_Others;0,75
CTSW;1,09793632718827;3,89427651057705e-28;5,32269713465671e-24;0,918;0,259;4;All_Others;0,75
LEF1;1,54772915879503;3,3695872604051e-25;4,60555186752168e-21;0,973;0,333;4;All_Others;0,75
RPS3A;0,831054210416585;1,43342572600118e-24;1,95920628229841e-20;1;0,971;4;All_Others;0,75
CD7;1,46236880293842;3,04469406791579e-24;4,16148785202731e-20;0,973;0,405;4;All_Others;0,75
OXNAD1;1,70027239062088;4,21210064419824e-23;5,75709916049015e-19;0,822;0,247;4;All_Others;0,75
RPS12;0,87818762508777;7,11330745570851e-23;9,72246863046239e-19;1;0,968;4;All_Others;0,75
CCR7;1,43203771781221;2,24093175921556e-21;3,06290552849582e-17;0,918;0,385;4;All_Others;0,75
RPS21;0,739306122789506;6,9905743862615e-21;9,55471707114221e-17;1;0,972;4;All_Others;0,75
RPL32;0,769408689022282;1,26564857315969e-20;1,72988846979467e-16;1;0,973;4;All_Others;0,75
RPS14;0,720837717678361;1,64485882888119e-20;2,24819304731481e-16;1;0,968;4;All_Others;0,75
RPS6;0,79653400585001;2,36256943131549e-20;3,22915989872201e-16;1;0,959;4;All_Others;0,75
RPS28;0,619333607629334;2,7476495151929e-20;3,75548735736566e-16;1;0,968;4;All_Others;0,75
CD27;1,47629899416557;4,18105602409372e-20;5,71466737373129e-16;0,918;0,346;4;All_Others;0,75
RPS8;0,6987269739748;6,10006892104099e-20;8,33757420127883e-16;1;0,968;4;All_Others;0,75
RPS3;0,816460765964462;7,07203629737373e-20;9,66605921125041e-16;1;0,965;4;All_Others;0,75
RPL14;0,78637685943421;1,07049286732501e-19;1,46314965105982e-15;1;0,952;4;All_Others;0,75
RPS13;0,639600008909875;1,78465461455095e-19;2,43926592716824e-15;1;0,963;4;All_Others;0,75
RPL34;0,635056338468842;4,38157608328102e-19;5,9887381906285e-15;1;0,972;4;All_Others;0,75
RPL12;0,651634119552223;7,76710699836332e-19;1,0616081845363e-14;1;0,969;4;All_Others;0,75
RPS5;0,900306901126476;1,2678625532231e-18;1,73291453774533e-14;1;0,898;4;All_Others;0,75
RPL5;0,791752613202946;1,43939387420802e-18;1,96736354726752e-14;1;0,943;4;All_Others;0,75
NPM1;0,99917180130181;2,11784160419508e-18;2,89466590461383e-14;1;0,791;4;All_Others;0,75
RPL19;0,639184413724087;2,33728370126024e-18;3,1945993628825e-14;1;0,973;4;All_Others;0,75
RPS27A;0,720576108784627;4,95378686077144e-18;6,7708358813024e-14;1;0,968;4;All_Others;0,75
LDLRAP1;1,48429230318814;5,53238049617e-18;7,56165766216515e-14;0,808;0,313;4;All_Others;0,75
RPS4X;0,740539231427881;7,46842050914501e-18;1,02078371518994e-13;1;0,96;4;All_Others;0,75
EEF1B2;0,871526733056232;7,89838105162978e-18;1,07955072213676e-13;1;0,892;4;All_Others;0,75
RPL37;0,615253542188253;8,34937952640196e-18;1,14119319366862e-13;1;0,971;4;All_Others;0,75
CD3E;1,17101353722553;8,5504042326204e-18;1,16866925051456e-13;1;0,447;4;All_Others;0,75
CD3D;1,21431213521031;1,16308866157053e-17;1,5897095826346e-13;0,973;0,406;4;All_Others;0,75
RPL13;0,66876274269369;1,59666362319311e-17;2,18231984018034e-13;1;0,979;4;All_Others;0,75
RPL28;0,576163011611404;2,36759126494875e-17;3,23602374093195e-13;1;0,976;4;All_Others;0,75
RPS23;0,67195882075046;3,83056905240033e-17;5,23562178082077e-13;1;0,96;4;All_Others;0,75
RPL10;0,709182345929222;4,34937873939645e-17;5,94473086100707e-13;1;0,976;4;All_Others;0,75
RPS19;0,638361810467308;8,72370660369168e-17;1,19235621859258e-12;1;0,963;4;All_Others;0,75
RPSA;0,869632045117989;9,80202956864479e-17;1,33974140144237e-12;1;0,88;4;All_Others;0,75
RPL30;0,669239701046731;1,17824065009031e-16;1,61041932054343e-12;1;0,964;4;All_Others;0,75
RPS25;0,765849373482364;2,15816136272474e-16;2,94977495057218e-12;1;0,96;4;All_Others;0,75
EEF1A1;0,546177126104461;5,2204572169409e-16;7,13532092411482e-12;1;0,983;4;All_Others;0,75
RPS15A;0,68810846333438;1,04044419855271e-15;1,42207913058185e-11;1;0,977;4;All_Others;0,75
TCF7;1,08805447694292;1,71291761812059e-15;2,34121580044722e-11;0,986;0,441;4;All_Others;0,75
RPL11;0,563173783264318;1,8173840303272e-15;2,48400049265122e-11;1;0,98;4;All_Others;0,75
RPL3;0,783995031996024;3,11303511078312e-15;4,25489638941836e-11;1;0,934;4;All_Others;0,75
SARAF;0,922643828698308;3,860262455026e-15;5,27620672352953e-11;0,986;0,803;4;All_Others;0,75
LCK;1,10560164469474;4,58818923737549e-15;6,27113704964482e-11;0,959;0,418;4;All_Others;0,75
RPL10A;0,73498758996316;5,11123365124831e-15;6,98603415452619e-11;1;0,912;4;All_Others;0,75
RPL35A;0,568481391378927;1,04188351023864e-14;1,42404638179418e-10;1;0,969;4;All_Others;0,75
PIK3IP1;1,36297131189976;1,05666685328245e-14;1,44425225506645e-10;0,795;0,348;4;All_Others;0,75
RPL22;0,64616971156162;1,23089756947965e-14;1,68239079796479e-10;1;0,934;4;All_Others;0,75
MT-ND4L;0,634648362883704;1,32234876924213e-14;1,80738629780014e-10;1;0,93;4;All_Others;0,75
RPS2P5;0,796491819187957;1,75700675684175e-14;2,40147683525131e-10;1;0,842;4;All_Others;0,75
RPS4Y1;0,84124350806886;1,87749070890651e-14;2,56615430093341e-10;1;0,861;4;All_Others;0,75
RPS15;0,533356878764173;2,62532992201064e-14;3,58830093740414e-10;1;0,98;4;All_Others;0,75
CD3G;1,05484141500788;2,70120800746371e-14;3,69201110460139e-10;0,904;0,362;4;All_Others;0,75
LEPROTL1;1,14069092548206;3,31224881429005e-14;4,52718167937164e-10;0,877;0,503;4;All_Others;0,75
NDFIP1;1,17441256218365;4,37111035150187e-14;5,97443362843275e-10;0,904;0,539;4;All_Others;0,75
RPS18;0,690959273165404;4,45799861645968e-14;6,09319250897709e-10;1;0,967;4;All_Others;0,75
NACA;0,570208351174749;5,67120678424432e-14;7,75140543270514e-10;1;0,957;4;All_Others;0,75
RPS16;0,629816355407288;8,4057911132119e-14;1,1489035293538e-09;1;0,943;4;All_Others;0,75
RPS29;0,70932377256171;1,20926853610282e-13;1,65282823514533e-09;1;0,933;4;All_Others;0,75
BTF3;0,662353044695654;1,25361448671456e-13;1,71344028044146e-09;1;0,894;4;All_Others;0,75
RPL18;0,559281758631047;1,41339901195364e-13;1,93183376953823e-09;1;0,975;4;All_Others;0,75
IFITM1;0,83122543041096;2,36986385694472e-13;3,23912991967204e-09;1;0,515;4;All_Others;0,75
HSPA8;0,826866448314807;3,21674017047645e-13;4,39664046500721e-09;1;0,767;4;All_Others;0,75
RGS10;0,883896955603608;3,33063513254003e-13;4,55231209915571e-09;0,918;0,535;4;All_Others;0,75
PRMT2;0,903249297641501;3,78239470136938e-13;5,16977707783167e-09;0,945;0,513;4;All_Others;0,75
IL32;0,827271537970396;4,13103185252301e-13;5,64629433602844e-09;1;0,463;4;All_Others;0,75
RPL36;0,57502748667249;5,63427735890895e-13;7,70093029415675e-09;1;0,96;4;All_Others;0,75
RPL29;0,531904304122123;9,79774485608587e-13;1,33915576692982e-08;1;0,959;4;All_Others;0,75
STK17A;1,09169742273234;1,58425412426515e-12;2,16535853704561e-08;0,849;0,422;4;All_Others;0,75
RPL8;0,528766125331137;1,75038040196032e-12;2,39241993339937e-08;1;0,971;4;All_Others;0,75
IL7R;0,717646338612078;3,76737512453631e-12;5,14924832021623e-08;0,918;0,421;4;All_Others;0,75
RPLP0;0,572631268321039;1,08587901161776e-11;1,48417943307915e-07;1;0,959;4;All_Others;0,75
RPL18A;0,553139347369458;1,11206109541075e-11;1,51996510520742e-07;1;0,965;4;All_Others;0,75
NOSIP;1,11016096228531;1,42394471169277e-11;1,94624763194168e-07;0,959;0,552;4;All_Others;0,75
RPL4;0,581618027786972;1,5799579046256e-11;2,15948646404227e-07;1;0,934;4;All_Others;0,75
C12orf57;0,826023624223757;1,90071696392019e-11;2,59789994628612e-07;1;0,652;4;All_Others;0,75
SATB1;1,03388781392708;2,23355800105086e-11;3,05282707583632e-07;0,753;0,341;4;All_Others;0,75
LBH;1,03640495488599;2,80674090857662e-11;3,83625347384252e-07;0,836;0,42;4;All_Others;0,75
GYPC;0,953725067135789;7,29759963548716e-11;9,97435918178385e-07;0,877;0,489;4;All_Others;0,75
LAT;0,955990985231715;2,2176141983742e-10;3,03103508633786e-06;0,822;0,425;4;All_Others;0,75
ATM;0,871064885383027;4,84337892530161e-10;6,61993031510224e-06;0,863;0,483;4;All_Others;0,75
MCUB;1,02775617612929;5,18289935956336e-10;7,0839868446512e-06;0,849;0,459;4;All_Others;0,75
EVL;0,74791954960307;1,03958019697038e-09;1,42089821321912e-05;0,973;0,626;4;All_Others;0,75
ZAP70;0,778035438580329;2,12311957770337e-09;2,90187983880496e-05;0,795;0,356;4;All_Others;0,75
GIMAP7;0,69500591049056;2,73045149231033e-09;3,73198109968976e-05;1;0,675;4;All_Others;0,75
SNRPD2;0,696963895307735;4,64476401874496e-09;6,34846346082062e-05;0,959;0,779;4;All_Others;0,75
FLT3LG;0,920272174087921;6,31371577769854e-09;8,62958672495837e-05;0,767;0,374;4;All_Others;0,75
UQCRB;0,572833049378277;2,14442336742968e-08;0,000293099785860289;1;0,845;4;All_Others;0,75
ST13;0,776534097546839;3,04554335764449e-08;0,000416264866122848;0,877;0,561;4;All_Others;0,75
RPS27;0,606816798428468;3,29180826527135e-08;0,000449924353697288;1;0,964;4;All_Others;0,75
RPL21;0,659226539504238;6,68581163181107e-08;0,000913816733835937;0,904;0,745;4;All_Others;0,75
UXT;0,712842691803367;8,21233043676472e-08;0,001122461324097;0,89;0,631;4;All_Others;0,75
CNN2;0,782611160866003;1,10693102526603e-07;0,00151295332533361;0,918;0,656;4;All_Others;0,75
RPL23A;0,504591584451456;1,73540577180864e-07;0,00237195260890804;1;0,881;4;All_Others;0,75
NAP1L4;0,778641205743325;1,80047509347001e-07;0,00246088935775481;0,781;0,441;4;All_Others;0,75
ISG20;0,765365982636715;1,86448392893e-07;0,00254837663406153;0,753;0,374;4;All_Others;0,75
ETS1;0,540891916065227;1,95456513103887e-07;0,00267149962110393;0,904;0,536;4;All_Others;0,75
SEPTIN1;0,706822412392938;2,68818059590205e-07;0,00367420523847893;0,836;0,472;4;All_Others;0,75
CYTIP;0,696135113162617;4,02714152897846e-07;0,00550429704180776;0,795;0,441;4;All_Others;0,75
EIF3E;0,630555487375016;6,3116576270099e-07;0,00862677364459713;0,945;0,699;4;All_Others;0,75
TECR;0,768618177713577;7,48953632451386e-07;0,0102366982483455;0,781;0,428;4;All_Others;0,75
SUN2;0,726217049987023;7,99025299025951e-07;0,0109210777870867;0,877;0,575;4;All_Others;0,75
NOP53;0,544804246062081;2,24955660174882e-06;0,0307469396327029;0,959;0,753;4;All_Others;0,75
NKG7;2,54063678963451;4,37720897043064e-81;5,9827692207846e-77;0,969;0,079;5;All_Others;0,75
CCL5;3,87059416478081;1,80577227521024e-77;2,46812954575735e-73;0,938;0,085;5;All_Others;0,75
GZMA;3,03791982231401;2,44749562361351e-65;3,34523701835494e-61;0,75;0,05;5;All_Others;0,75
CST7;2,75254628836279;2,18069903895492e-63;2,98057944644359e-59;0,781;0,062;5;All_Others;0,75
PRF1;1,91110372674246;4,12767746734829e-52;5,64170956237165e-48;0,812;0,098;5;All_Others;0,75
CTSW;2,52046378426029;6,43032890005782e-42;8,78897354059902e-38;0,984;0,262;5;All_Others;0,75
IL32;2,04901570910344;1,88347552301096e-34;2,57433434485137e-30;1;0,469;5;All_Others;0,75
HLA-A;0,916467156145322;5,86074092794878e-25;8,01046070032039e-21;1;0,983;5;All_Others;0,75
B2M;0,912947448462492;7,09787518450265e-25;9,70137580217822e-21;1;0,993;5;All_Others;0,75
ARL4C;1,77885243361971;1,68303911560263e-20;2,30037786320568e-16;0,891;0,443;5;All_Others;0,75
CD3D;1,35224470026978;5,10097095851093e-18;6,97200710609274e-14;0,938;0,416;5;All_Others;0,75
CALM1;1,02715677876883;1,04260164887958e-17;1,42502793368861e-13;0,984;0,881;5;All_Others;0,75
CD81;1,50499605396311;2,32290660012383e-16;3,17494874104926e-12;0,891;0,476;5;All_Others;0,75
CD2;1,62788883723709;2,17417203030045e-15;2,97165833101465e-11;0,781;0,342;5;All_Others;0,75
HLA-B;0,657170673149864;2,20881844844358e-15;3,01901305533269e-11;1;0,989;5;All_Others;0,75
SLC9A3R1;1,37718354539215;4,32993316481991e-15;5,91815264967585e-11;0,875;0,458;5;All_Others;0,75
TC2N;1,25895140558206;7,71523883157306e-15;1,05451884349941e-10;0,781;0,312;5;All_Others;0,75
IL7R;1,5091773885382;9,01406451238585e-15;1,2320423375529e-10;0,844;0,433;5;All_Others;0,75
CD3E;1,15035760723382;1,27067544100665e-14;1,73675919276789e-10;0,984;0,454;5;All_Others;0,75
HCST;1,13746878785443;1,34575669055722e-13;1,8393802446536e-09;0,953;0,682;5;All_Others;0,75
PAXX;1,37959342308916;6,16712502311733e-13;8,42922648159677e-09;0,828;0,491;5;All_Others;0,75
PLAAT4;1,42696603243345;1,50150263678473e-12;2,05225380395737e-08;0,812;0,441;5;All_Others;0,75
PTPRCAP;1,35006073311252;1,34559032724446e-11;1,83915285927773e-07;0,75;0,378;5;All_Others;0,75
CD3G;1,19119054534029;2,75836261263702e-10;3,77013001895228e-06;0,766;0,38;5;All_Others;0,75
GUK1;1,03561762495464;4,11720729504338e-10;5,62739893086529e-06;0,891;0,581;5;All_Others;0,75
MYL12A;0,534125563311481;6,39562149635307e-10;8,74153546121538e-06;0,984;0,88;5;All_Others;0,75
IFITM1;0,838262946111575;1,11507457929359e-09;1,52408393497847e-05;0,984;0,522;5;All_Others;0,75
LCK;1,0065638056816;1,44983435280105e-09;1,98163359340848e-05;0,828;0,436;5;All_Others;0,75
CD99;0,9502962304976;1,52132307337668e-09;2,07934437669125e-05;0,875;0,662;5;All_Others;0,75
ZAP70;1,01636147565369;3,31810297755485e-09;4,53518314972197e-05;0,75;0,365;5;All_Others;0,75
FYN;1,07640595790677;4,1236507478114e-09;5,63620584210863e-05;0,859;0,506;5;All_Others;0,75
CD7;0,756842871705471;6,40686581210635e-09;8,75690419198696e-05;0,875;0,42;5;All_Others;0,75
PSME1;0,805548262180517;1,04070245268477e-08;0,000142243211232955;0,953;0,804;5;All_Others;0,75
PFN1;0,578738640513691;1,71391029829889e-08;0,000234257259571492;1;0,974;5;All_Others;0,75
HLA-C;0,531175249010987;6,01805883188109e-08;0,000822548281141508;1;0,971;5;All_Others;0,75
LINC00869;0,848636041572507;5,27363109510075e-07;0,0072079989807837;0,828;0,606;5;All_Others;0,75
MIF;0,670270697578803;6,76617516786706e-07;0,00924800821944069;0,938;0,754;5;All_Others;0,75
KRTCAP2;0,734954131135807;7,01233817003372e-07;0,0095844638108021;0,875;0,576;5;All_Others;0,75
RPSA;0,566975681535788;1,06431804801484e-06;0,0145470990802668;1;0,881;5;All_Others;0,75
SUN2;0,862016329516191;1,07339915944901e-06;0,0146712197113491;0,844;0,581;5;All_Others;0,75
LY6E;0,847831862413938;1,49249891991512e-06;0,0203994752373998;0,781;0,573;5;All_Others;0,75
ANXA1;0,731303284018781;2,88745020333026e-06;0,039465669379118;0,828;0,548;5;All_Others;0,75
GIMAP4;0,698266497086002;3,04641697292594e-06;0,0416384271859518;0,906;0,637;5;All_Others;0,75
GZMB;6,90790399594967;1,07150906502398e-138;1,46453859007478e-134;1;0,011;6;All_Others;0,75
KLRF1;7,62006558709258;1,70027392805949e-130;2,32393440487172e-126;0,867;0,006;6;All_Others;0,75
SH2D1B;8,28551007358788;3,46635003110466e-126;4,73780722251385e-122;0,767;0,003;6;All_Others;0,75
FGFBP2;8,19548804609508;1,03794613489833e-125;1,41866477717904e-121;0,9;0,01;6;All_Others;0,75
GNLY;7,65394809843111;1,08209589673411e-111;1,47900867165618e-107;0,967;0,021;6;All_Others;0,75
FCGR3A;5,62480469290783;6,87362473931706e-99;9,39487029369855e-95;0,9;0,021;6;All_Others;0,75
SPON2;7,70724259001717;2,81284714025681e-89;3,84459947130301e-85;0,967;0,038;6;All_Others;0,75
TBX21;6,18221148586747;2,21021805098005e-87;3,02092603207953e-83;0,9;0,03;6;All_Others;0,75
S1PR5;6,05366444080674;7,46420008261429e-86;1,02020686729172e-81;0,8;0,02;6;All_Others;0,75
CLIC3;6,15637837118275;1,6510826710098e-78;2,2566997947362e-74;0,933;0,043;6;All_Others;0,75
GZMA;5,09366445057867;9,25013861017407e-67;1,26430894523859e-62;1;0,071;6;All_Others;0,75
KLRD1;5,56869804153373;4,00594138175093e-65;5,47532068057717e-61;0,9;0,053;6;All_Others;0,75
IL2RB;5,32811344143712;1,17702657864377e-61;1,60875992769031e-57;0,933;0,066;6;All_Others;0,75
CCL4;6,32303740321335;1,5281107937257e-61;2,08862183286429e-57;0,767;0,035;6;All_Others;0,75
CST7;5,33460237997856;2,84120586686287e-60;3,88336017882817e-56;1;0,085;6;All_Others;0,75
TTC38;5,18542598151221;9,8195621387003e-60;1,34213775311756e-55;0,8;0,043;6;All_Others;0,75
KLRB1;3,43996564193488;1,68485994251373e-53;2,30286656942777e-49;0,967;0,075;6;All_Others;0,75
NKG7;5,64596666581807;1,33605899108072e-50;1,82612542900913e-46;1;0,116;6;All_Others;0,75
HOPX;4,85792291457509;2,93576371727079e-46;4,01260184876572e-42;0,933;0,101;6;All_Others;0,75
PRF1;5,69430084798625;4,76082986035754e-46;6,50710225313668e-42;0,967;0,123;6;All_Others;0,75
PYHIN1;3,71313461350291;5,39401578542541e-37;7,37254077551945e-33;0,8;0,083;6;All_Others;0,75
CX3CR1;4,37711612696697;1,46461049417477e-36;2,00182962343807e-32;0,9;0,125;6;All_Others;0,75
CCL5;3,28285806281336;4,31834190612325e-31;5,90230971728925e-27;0,867;0,124;6;All_Others;0,75
CTSW;3,81462547659257;2,96506565756494e-28;4,05265174075975e-24;1;0,292;6;All_Others;0,75
ABI3;3,33802845200716;3,453926752286e-28;4,72082708502451e-24;0,9;0,173;6;All_Others;0,75
CD300A;3,56853020851409;4,0487274217869e-24;5,53380064009834e-20;0,8;0,155;6;All_Others;0,75
APMAP;3,64088784897086;8,4388373120418e-23;1,15342028380987e-18;0,8;0,181;6;All_Others;0,75
CD247;2,90086180585473;1,8668710105494e-22;2,55163929721892e-18;1;0,398;6;All_Others;0,75
IFITM1;2,35684281006594;1,51187143333906e-20;2,06642587508783e-16;1;0,541;6;All_Others;0,75
EFHD2;2,47752954552774;1,73786474190328e-19;2,3753135292334e-15;1;0,465;6;All_Others;0,75
APOBEC3G;3,10328345556396;3,58224726459963e-19;4,89621556125477e-15;0,767;0,185;6;All_Others;0,75
CD7;2,64668074922464;6,64897551871554e-19;9,0878197389804e-15;1;0,435;6;All_Others;0,75
GZMM;2,82290565446072;7,34686106300395e-19;1,00416897009138e-14;0,9;0,295;6;All_Others;0,75
PFN1;1,64438385026233;1,04128805106584e-18;1,42323250819679e-14;1;0,975;6;All_Others;0,75
XBP1;2,66352081683866;1,11935432807545e-18;1,52993349561352e-14;0,967;0,365;6;All_Others;0,75
B2M;1,25636523590041;4,51407044217645e-18;6,16983148036677e-14;1;0,994;6;All_Others;0,75
DHRS7;2,19796493328522;4,80592444752504e-18;6,56873753487723e-14;0,967;0,394;6;All_Others;0,75
PLEK;2,55645783521817;1,20028443786006e-17;1,64054876966713e-13;0,933;0,302;6;All_Others;0,75
TGFB1;1,66626318468231;6,55707706073148e-17;8,96221292660779e-13;1;0,756;6;All_Others;0,75
SRGN;1,93853797415021;1,08184877471564e-16;1,47867090528134e-12;1;0,609;6;All_Others;0,75
HCST;2,01287032199188;2,48437610841463e-16;3,39564526498112e-12;1;0,692;6;All_Others;0,75
ARPC5L;2,29143837526164;1,38129023905411e-15;1,88794749873916e-11;0,833;0,262;6;All_Others;0,75
SPN;2,60266806454136;1,57722863413636e-15;2,15575609713758e-11;0,867;0,336;6;All_Others;0,75
CFL1;1,28981567367704;1,65335761947751e-15;2,25980919430187e-11;1;0,956;6;All_Others;0,75
CALM1;1,5357788887614;3,26942861555948e-15;4,46865503174669e-11;1;0,885;6;All_Others;0,75
MAPRE2;2,02093158036331;7,12426605714872e-15;9,73744684691087e-11;0,867;0,293;6;All_Others;0,75
MYL12A;1,46578441093356;1,27350586640882e-14;1,74062781820757e-10;1;0,884;6;All_Others;0,75
LITAF;2,17582546158413;1,86702365763302e-14;2,55184793525281e-10;0,9;0,535;6;All_Others;0,75
ITGB2;1,74733417763447;2,00072387814679e-14;2,73458939665104e-10;1;0,786;6;All_Others;0,75
RAP1B;1,7784081601822;2,57590483529608e-14;3,52074672888269e-10;1;0,675;6;All_Others;0,75
SLC9A3R1;2,29260345573251;2,95404646075147e-14;4,03759070255511e-10;0,9;0,475;6;All_Others;0,75
HLA-B;0,91401938002227;3,03649174113319e-14;4,15027691178085e-10;1;0,99;6;All_Others;0,75
CLIC1;1,69674457828332;4,06181744978024e-14;5,55169209035963e-10;1;0,681;6;All_Others;0,75
ABHD17A;2,58291883761736;4,44441275881105e-14;6,07462335874294e-10;0,9;0,475;6;All_Others;0,75
IFITM2;2,55112183339823;9,06383753093238e-14;1,23884531372784e-09;0,867;0,453;6;All_Others;0,75
ZAP70;2,09844433509272;1,53740506474838e-13;2,10132524249809e-09;0,9;0,375;6;All_Others;0,75
CTSC;2,3496924130615;2,32000123297421e-13;3,17097768522916e-09;0,867;0,386;6;All_Others;0,75
PLAAT4;2,06112182892214;3,26721935449163e-13;4,46563541371916e-09;0,9;0,454;6;All_Others;0,75
FCER1G;1,73208622468565;5,88197075000878e-13;8,03947762111199e-09;0,933;0,368;6;All_Others;0,75
CYBA;1,35075457394062;6,50489315502708e-13;8,89088796429101e-09;1;0,913;6;All_Others;0,75
CD81;1,90309395570795;9,03282363260939e-13;1,23460633410505e-08;0,933;0,492;6;All_Others;0,75
CD99;1,59716504944611;9,30871467781607e-13;1,2723151221639e-08;0,967;0,668;6;All_Others;0,75
SKAP1;1,8175023464886;1,09902705732485e-12;1,50215018195161e-08;0,867;0,329;6;All_Others;0,75
ARL4C;1,98707553604916;2,00897151405301e-12;2,74586226540766e-08;0,9;0,461;6;All_Others;0,75
IFITM3;1,9044622466821;2,07492563783199e-12;2,83600836178877e-08;0,9;0,402;6;All_Others;0,75
MBP;1,6615741044859;2,3299131032648e-12;3,18452522954233e-08;0,933;0,456;6;All_Others;0,75
RAC2;1,44317079771779;2,45671066524582e-12;3,35783213725799e-08;0,967;0,8;6;All_Others;0,75
CCND3;1,55093020074836;3,15738357563618e-12;4,31551187117954e-08;0,967;0,67;6;All_Others;0,75
CDK2AP2;1,79107131140797;4,37968526744702e-12;5,98615382354659e-08;0,833;0,329;6;All_Others;0,75
UBB;1,39143933611705;6,60265639128308e-12;9,02451075560571e-08;0,967;0,726;6;All_Others;0,75
ALOX5AP;2,22677099858066;1,13603244888074e-11;1,55272915113019e-07;0,767;0,291;6;All_Others;0,75
FAM49B;1,75090046375195;1,19654401140323e-11;1,63543635478594e-07;0,9;0,473;6;All_Others;0,75
MYL12B;1,27775528904594;1,26145815054259e-11;1,72416100016161e-07;1;0,802;6;All_Others;0,75
ANXA6;1,5909434299877;2,10158169024238e-11;2,87244185422328e-07;0,967;0,594;6;All_Others;0,75
HLA-A;0,871636684997554;2,57750589854457e-11;3,52293506213072e-07;1;0,984;6;All_Others;0,75
BSG;1,71801206161675;3,26718377972878e-11;4,4655867901333e-07;0,867;0,421;6;All_Others;0,75
TBCB;1,5946357966024;1,17190012412248e-10;1,6017530896506e-06;0,867;0,402;6;All_Others;0,75
PSME1;1,27718395674477;1,48927354496401e-10;2,03553908125681e-06;0,933;0,812;6;All_Others;0,75
GNG2;2,16917803017495;1,63984681733262e-10;2,24134262993022e-06;0,767;0,334;6;All_Others;0,75
PLAC8;1,78570919479374;2,19089151290806e-10;2,99451051984273e-06;0,833;0,382;6;All_Others;0,75
ID2;1,78856732752631;2,26670143943511e-10;3,09812752741991e-06;0,767;0,286;6;All_Others;0,75
TMSB4X;0,604760050627445;3,17372037431707e-10;4,33784100761657e-06;1;0,985;6;All_Others;0,75
ARPC2;1,07411861329702;3,69804215283014e-10;5,05448401448824e-06;1;0,899;6;All_Others;0,75
PPP1CA;1,39384429509583;1,13216218120396e-09;1,54743926926957e-05;0,933;0,654;6;All_Others;0,75
ACTB;0,805244485810556;2,12351697138352e-09;2,902422996487e-05;1;0,992;6;All_Others;0,75
CD53;1,32233296404186;3,7843285896049e-09;5,17242031627198e-05;0,967;0,631;6;All_Others;0,75
ADGRE5;1,38098642088851;4,14272388787651e-09;5,66227500994962e-05;0,9;0,493;6;All_Others;0,75
PPP1R18;1,52763590208616;5,62587222115544e-09;7,68944215187526e-05;0,933;0,536;6;All_Others;0,75
PRDX5;1,47801600300896;6,08547913937834e-09;8,31763288770232e-05;0,867;0,509;6;All_Others;0,75
PDIA3;1,66674032444024;6,41832437241876e-09;8,77256575222197e-05;0,833;0,585;6;All_Others;0,75
DENND2D;2,02868870347373;6,73327931513642e-09;9,20304616792846e-05;0,8;0,369;6;All_Others;0,75
PSME2;1,3921204380085;7,93787384725034e-09;0,000108494859744218;0,9;0,568;6;All_Others;0,75
HLA-C;0,867324574773758;1,49081885552049e-08;0,000203765121172541;1;0,972;6;All_Others;0,75
ACTG1;0,866275327526836;2,24756615957337e-08;0,000307197342690488;1;0,957;6;All_Others;0,75
LY6E;1,49263337564621;2,36414121114195e-08;0,000323130820738882;0,933;0,576;6;All_Others;0,75
TAP1;1,44866796537113;2,53644923994251e-08;0,000346681882115343;0,767;0,357;6;All_Others;0,75
TRAPPC1;1,23297398585671;2,86686376597556e-08;0,00039184293953354;0,9;0,569;6;All_Others;0,75
RNF213;1,38306486183448;3,61717719710554e-08;0,000494395779300386;0,867;0,597;6;All_Others;0,75
FYN;1,41162557004208;4,00391805588516e-08;0,000547255519878384;0,867;0,521;6;All_Others;0,75
DBI;1,55896252098796;4,47221973718428e-08;0,000611262993678348;0,833;0,518;6;All_Others;0,75
NDUFV1;1,32528475161613;5,34349263304276e-08;0,000730348573084285;0,833;0,42;6;All_Others;0,75
JAK1;1,54944956821246;5,61409829687459e-08;0,000767334955216819;0,9;0,703;6;All_Others;0,75
TYROBP;1,06835527289103;7,53276313584673e-08;0,00102957806540753;1;0,372;6;All_Others;0,75
SYTL1;1,61689857534197;1,70134594419149e-07;0,00232539963652093;0,767;0,431;6;All_Others;0,75
SEPTIN7;1,28625822312458;1,8729300526815e-07;0,00255992079600507;0,867;0,632;6;All_Others;0,75
PPIB;1,53431232632564;1,93647234276305e-07;0,00264677039808853;0,9;0,729;6;All_Others;0,75
EVL;1,12769404435777;2,67345694201583e-07;0,00365408094834724;0,933;0,646;6;All_Others;0,75
RBBP4;1,47730167472569;3,52994158821532e-07;0,0048247241627727;0,8;0,429;6;All_Others;0,75
HLA-E;0,859398660432237;3,68645325560519e-07;0,00503864430976118;1;0,946;6;All_Others;0,75
CD164;1,17038508370933;4,50179759587466e-07;0,00615305695404149;0,867;0,497;6;All_Others;0,75
SRSF9;1,15693059248379;5,31496938501604e-07;0,00726450015543993;0,833;0,56;6;All_Others;0,75
POLR2L;1,19360832811375;5,93262829716124e-07;0,00810871635655998;0,9;0,623;6;All_Others;0,75
CAPNS1;1,27091394411825;1,31872086020285e-06;0,0180242767172525;0,8;0,525;6;All_Others;0,75
OSTF1;1,47618858248274;1,42139870204108e-06;0,0194276774594975;0,767;0,427;6;All_Others;0,75
ARHGDIB;0,653303113263794;1,60957496377306e-06;0,0219996706048501;1;0,939;6;All_Others;0,75
CALR;1,3215065501889;1,99640919040654e-06;0,0272869208144766;0,8;0,525;6;All_Others;0,75
PSMB10;1,31124254934088;2,39608459642471e-06;0,0327496842639329;0,867;0,54;6;All_Others;0,75
PAXX;1,36889110703398;2,7717811878689e-06;0,0378847052757921;0,8;0,507;6;All_Others;0,75
SUN2;1,17356437599798;3,21884275176051e-06;0,0439951427310627;0,9;0,59;6;All_Others;0,75
HSP90B1;0,989722418703335;3,45778862686649e-06;0,0472610549520112;0,9;0,641;6;All_Others;0,75
